Incident/Oil Spill Ref. No.  ,e-PAGE code,Facility/ Equipment  ,  Facility Category  ,Location,Closeby Facility,Area  ,LGA     ,State      ,   Lat (N)   ,   Long (E)   ,Date of Incident/Spill,Date of Incident/Spill Observed ,Time of Incident/Spill,Time of Incident/Spill Observed,Date spill was stopped,Date spill was contained,Time spill was contained, OML/OPL ,Incident/Spill cause       ,Incident/ Spill Category    ,Description of Incident/Spill causes,Incident/Spill responsibility,Est. Qty. Spilled (bbls),Est. Qty. Recovered(bbls)
2013/OS/011,,"24"" Ogoda/Brass Pipeline",PIPELINE (OIL),Egeinkiri,BRASS TERMINAL,SAR,Nembe,Bayelsa State,N 04° 24' 05.7'',E 006° 20' 35.5'',6/1/2013,6/1/2013,,11:43,6/1/2013,,OML 63,,Oil theft,Sabotage,"2 nos. 6"" hose line connected to 8"" pipe installed on the pipeline by unknown person (s)..",Third party,80,25
2013/OS/014,,"18"" Tebidaba/Brass Pipeline",PIPELINE (OIL),Mbikiba,TEBIDABA,SAR,Southern Ijaw,Bayelsa State,N 04° 29' 08.5'',E 006° 05' 45.8'',8/1/2013,8/1/2013,,18:00,8/1/2013,,OML 63,,Oil theft,Sabotage,"3"" hose & valve installed on pipe by unknown person (s)..",Third party,12,4
2013/OS/015,,AGO Tanker along Port Harcourt-Owerri Federal Highway,AGO Tanker,Omagwa,Port Harcourt,PHC,Ikwerre,Rivers State,N 04° 58' 54.5'',E 006° 54' 56.2'',8/1/2013,8/1/2013,,13:00,8/1/2013,,OML 61,,Road Traffic Accident,Other,,Other,125.8,0
2013/OS/016,,Taylor Creek 2Ls flowline,FLOWLINE,Oshie,OSHIE,LAR,Ahoada West,Rivers State,N 05° 06' 13.1'',E 006° 29' 03.0'',10/1/2013,10/1/2013,,11:23,10/1/2013,,OML 61,,Hacksaw cut,Sabotage,,Third party,19.12,TBE
2013/OS/017,,Taylor Creek 2Ss flowline,FLOWLINE,Oshie,OSHIE,LAR,Ahoada West,Rivers State,N 05° 06' 05.0'',E 006° 29' 32.0'',10/1/2013,10/1/2013,,11:23,10/1/2013,,OML 61,,Hacksaw cut,Sabotage,,Third party,2,0
2013/OS/019,,"18"" Tebidaba/Brass Pipeline",PIPELINE (OIL),Babaragbene,TEBIDABA,SAR,Southern Ijaw,Bayelsa State,N 04° 30' 50.7'',E 006° 01' 45.9'',12/1/2013,12/1/2013,,15:43,12/1/2013,,OML 63,,Oil theft,Sabotage,Valve installed on pipe with hose by unknown person (s)..,Third party,20,7
2013/OS/020,,"18"" Tebidaba/Brass Pipeline",PIPELINE (OIL),Babaragbene,TEBIDABA,SAR,Southern Ijaw,Bayelsa State,N 04° 30' 45.4'',E 006° 01' 54.9'',12/1/2013,12/1/2013,,16:00,12/1/2013,,OML 63,,Oil theft,Sabotage,Valve installed on pipe by unknown person (s)..,Third party,2,1.5
2013/OS/021,,"18"" Tebidaba/Brass Pipeline",PIPELINE (OIL),Oyeregbene,TEBIDABA,SAR,Southern Ijaw,Bayelsa State,N 04° 30' 32.6'',E 006° 02' 22.8'',12/1/2013,12/1/2013,,16:30,12/1/2013,,OML 63,,Oil theft,Sabotage,"3"" pipe connection with hose installed on pipe by unknown person (s)..",Third party,31,5
2013/OS/022,,Oshie 11Ls flowline,FLOWLINE,Akinima,OSHIE,LAR,Ahoada West,Rivers State,N 05° 06' 32.3'',E 006° 28' 36.8'',13/01/2013,13/01/2013,,13:00,13/01/2013,,OML 61,,Corrosion,Operation control,Pin hole..,,8,6
2013/OS/023,,"18"" Tebidaba/Brass Pipeline",PIPELINE (OIL),Lagosgbene,TEBIDABA,SAR,Southern Ijaw,Bayelsa State,N 04° 28' 13.6'',E 006° 08' 25.1'',14/01/2013,14/01/2013,,14:30,14/01/2013,,OML 63,,Oil theft,Sabotage,"3"" valve installed with pipe connection on pipe by unknown person (s)..",Third party,12,2
2013/OS/024,,Oshie 11Ls flowline,FLOWLINE,Akinima,OSHIE,LAR,Ahoada West,Rivers State,N 05° 06' 32.5'',E 006° 28' 36.2'',13/01/2013,13/01/2013,,16:21,13/01/2013,,OML 61,,Corrosion,Operation control,Pin hole.,Company,7.47,2.52
2013/OS/025,,Taylor Creek 2Ls flowline,FLOWLINE,Oshie,OSHIE,LAR,Ahoada West,Rivers State,N 05° 06' 02.8'',E 006° 29' 42.4'',15/01/2013,15/01/2013,,11:02,15/01/2013,,OML 61,,Hacksaw cut,Sabotage,,Third party,8.3,2
2013/OS/030,,"14"" Akri/EOC Pipeline",PIPELINE (OIL),Mmahu,AKRI,LAR,Ohaji/Egbema,Imo State,N 05° 32' 11.9'',E 006° 42' 56.6'',22/01/2013,22/01/2013,,13:30,22/01/2013,,OML 61,,Hacksaw cut,Sabotage,,,7.34,2.52
2013/OS/039,,"10"" Clough Creek/Tebidaba Pipeline",PIPELINE (OIL),Gbaraun,TEBIDABA,SAR,Southern Ijaw,Bayelsa State,N 04° 47' 26.8'',E 005° 45' 23.0'',25/01/2013,25/01/2013,,13:40,25/01/2013,,OML 63,,Equipment failure,Operation control,Old clamp failure.,Company,12,0
2013/OS/041,,"10"" OB-OB/EOC pipeline",PIPELINE (OIL),Ebocha,EBOCHA,LAR,Ogba/Ndoni/Egbema,Rivers State,N 05° 27' 45.0'',E 006° 38' 37.5'',27/01/2013,27/01/2013,,18:09,27/01/2013,,OML 61,,Hacksaw cut,Sabotage,,,2.83,0
2013/OS/044,,"18"" Tebidaba/Brass Pipeline",PIPELINE (OIL),Igbomotoru,TEBIDABA,SAR,Southern Ijaw,Bayelsa State,N 04° 32' 05.1'',E 005° 59' 16.2'',31/01/2013,31/01/2013,,8:14,31/01/2013,,OML 63,,Oil theft,Sabotage,"3"" valve installed on pipe by unknown person (s).",Third party,7,2
2013/OS/054,,Oshie 7 TBG,FLOWLINE,Ukpeliede,OSHIE,LAR,Ahoada West,Rivers State,N 05° 05' 22.8'',E 006° 30' 33.1'',5/2/2013,5/2/2013,,11:50,5/2/2013,,OML 61,,Oil theft,Sabotage,"2” valve installed on the  flowline and containers within the wellhead location.
.",Third party,1,0
2013/OS/062,,"18"" Tebidaba/Brass Pipeline",PIPELINE (OIL),Lagosgbene,TEBIDABA,SAR,Southern Ijaw,Bayelsa State,N 04° 28' 29.8'',E 006° 07' 48.7'',12/2/2013,12/2/2013,,14:30,13/02/2013,,OML 63,,Oil theft,Sabotage,"3” valve with pipe connection installed on pipe by unknown person(s).
.",Third party,1,0.31
2013/OS/064,,"24"" Ogoda/Brass Pipeline",PIPELINE (OIL),Ewoama,BRASS TERMINAL,SAR,Brass,Bayelsa State,N 04° 19' 49.9'',E 006° 16' 53.8'',13/02/2013,13/02/2013,,10:25,13/02/2013,,OML 63,,Oil theft,Sabotage,"2(nos ) 6” valve with pipe connection installed  on pipe by unknown person(s).
.",Third party,170,164
2013/OS/066,,4” Oshie 2Ls flowline,FLOWLINE,Akinima,OSHIE,LAR,Ahoada West,Rivers State,N 05° 06' 13.8'',E 006° 28' 39.6'',14/02/2013,14/02/2013,,16:24,15/02/2013,,OML 61,,Drilled hole,Sabotage,4mm drilled hole..,Third party,7,3
2013/OS/067,,Taylor Creek 2Ss flowline,FLOWLINE,Kalaba,OSHIE,LAR,Yenagoa,Bayelsa State,N 05° 07' 52.1'',E 006° 27' 15.2'',14/02/2013,14/02/2013,,11:23,14/02/2013,,OML 61,,Hacksaw cut,Sabotage,50mm Hacksaw cut..,Third party,3,0
2013/OS/068,,"10"" Kwale/Akri Pipeline",PIPELINE (OIL),Agwe Etiti,KWALE,LAR,Ndokwa East,Delta State,N 05° 37' 43.0'',E 006° 37' 17.7'',15/02/2013,15/02/2013,,12:05,15/02/2013,,OML 60,,Equipment failure,Operation control,Old clamp failure..,Company,40,25
2013/OS/069,,Taylor Creek 2Ss flowline,FLOWLINE,Kalaba,OSHIE,LAR,Yenagoa,Bayelsa State,N 05° 08' 15.5'',E 006° 26' 58.3'',15/02/2013,15/02/2013,,16:45,15/02/2013,,OML 61,,Hacksaw cut,Sabotage,,Third party,5,0
2013/OS/070,,Taylor Creek 2Ss flowline,FLOWLINE,Kalaba,OSHIE,LAR,Yenagoa,Bayelsa State,N 05° 07' 50.0'',E 006° 27' 17.4'',14/02/2013,14/02/2013,,11:23,14/02/2013,,OML 63,,Hacksaw cut,Sabotage,,Third party,10,4
2013/OS/071,,Taylor Creek 2Ss flowline,FLOWLINE,Kalaba,OSHIE,LAR,Yenagoa,Bayelsa State,N 05° 07' 47.2'',E 006° 27' 19.6'',14/02/2013,14/02/2013,,11:23,14/02/2013,,OML 61,,Hacksaw cut,Sabotage,25mm Hacksaw cut..,Third party,4,0
2013/OS/072,,Taylor Creek 2Ss flowline,FLOWLINE,Kalaba,OSHIE,LAR,Yenagoa,Bayelsa State,N 05° 07' 45.4'',E 006° 27' 21.0'',15/02/2013,15/02/2013,,17:35,15/02/2013,,OML 61,,Hacksaw cut,Sabotage,,Third party,8,0
2013/OS/073,,"14"" Akri/EOC Pipeline",PIPELINE (OIL),Abacheke,AKRI,LAR,Ohaji/Egbema,Imo State,N 05° 30' 18.4'',E 006° 42' 34.9'',17/02/2013,17/02/2013,,16:19,17/02/2013,,OML 61,,Hacksaw cut,Sabotage,,Third party,5,0
2013/OS/074,,Ogboinbiri F/S,FLOWSTATION,Ogboinbiri,OGBAINBIRI,SAR,Southern Ijaw,Bayelsa State,N 04° 48' 53.6'',E 005° 57' 37.4'',17/02/2013,17/02/2013,,22:08,17/02/2013,,OML 63,,Equipment failure,Operation control,Oil overflow in the LP separator due to compressor failure..,Company,13,9
2013/OS/075,,"10"" Clough Creek/Tebidaba Pipeline",PIPELINE (OIL),Gbaraun,TEBIDABA,SAR,Southern Ijaw,Bayelsa State,N 04° 46' 01.0'',E 005° 47' 25.0'',17/02/2013,17/02/2013,,13:10,,,,,TBD,TBD,,,TBE,
2013/OS/078,,Taylor Creek 1 TBG flowline,FLOWLINE,Ikarama,OSHIE,LAR,Yenagoa,Bayelsa State,N 05° 10' 14.8'',E 006° 26' 38.6'',23/02/2013,23/02/2013,,17:38,23/02/2013,,OML 61,,Equipment failure,Operation control,"Leakage from welded 2"" neck flange..",Company,1,0
2013/OS/079,,"18"" Tebidaba/Brass Pipeline",PIPELINE (OIL),Oyeregbene,TEBIDABA,SAR,Southern Ijaw,Bayelsa State,N 04° 29' 38.1'',E 006° 04' 51.7'',23/02/2013,23/02/2013,,13:15,23/02/2013,,OML 63,,Oil theft,Sabotage,"3(nos) 3” valves installed on pipe with hose connected to the local refinery by unknown person(s).
.",Third party,30,6
2013/OS/080,,"18"" EOC/Ogoda Pipeline",PIPELINE (OIL),Ebocha,EBOCHA,LAR,Ogba/Ndoni/Egbema,Rivers State,N 05° 27' 03.4'',E 006° 41' 51.7'',24/02/2013,24/02/2013,,10:17,24/02/2013,,OML 61,,Hacksaw cut,Sabotage,,Third party,6,5.5
2013/OS/082,,"18"" Tebidaba/Brass Pipeline",PIPELINE (OIL),Mbikiba,TEBIDABA,SAR,Southern Ijaw,Bayelsa State,N 04° 29' 26.5'',E 006° 05' 13.5'',24/02/2013,24/02/2013,,15:30,24/02/2013,,OML 63,,Oil theft,Sabotage,"3” valve installed on pipe by unknown person(s).
.",Third party,5,0
2013/OS/083,,"18"" Tebidaba/Brass Pipeline",PIPELINE (OIL),Oyeregbene,TEBIDABA,SAR,Southern Ijaw,Bayelsa State,N 04° 30' 24.1'',E 006° 03' 00.8'',25/02/2013,25/02/2013,,11:38,25/02/2013,,OML 63,,Oil theft,Sabotage,"pipe & hose connected to valve installed on the pipeline by unknown person(s).
.",Third party,5,2
2013/OS/084,,"18"" Tebidaba/Brass Pipeline",PIPELINE (OIL),Oyeregbene,TEBIDABA,SAR,Southern Ijaw,Bayelsa State,"
N 04° 30' 26.4''","
E 006° 02' 52.0''",25/02/2013,25/02/2013,,12:11,25/02/2013,,OML 63,,Oil theft,Sabotage,"3” & 4” valves installed on pipeline with hose connection by unknown person(s).
.",Third party,6,2
2013/OS/085,,"18"" Tebidaba/Brass Pipeline",PIPELINE (OIL),Oyeregbene,TEBIDABA,SAR,Southern Ijaw,Bayelsa State,N 04° 30' 18.5'',E 006° 03' 22.3'',25/02/2013,25/02/2013,,14:20,25/02/2013,,OML 63,,Oil theft,Sabotage,"3"" Valve installed on pipe by unknown person(s)..",Third party,10,4
2013/OS/087,,"18"" Tebidaba/Brass Pipeline",PIPELINE (OIL),Mbikiba,TEBIDABA,SAR,Southern Ijaw,Bayelsa State,"
N 04° 29' 21.7''","
E 006° 05' 23.9''",26/02/2013,26/02/2013,,13:20,26/02/2013,,OML 63,,Oil theft,Sabotage,"3” valve installed on pipe by unknown person(s).
.",Third party,2,1.5
2013/OS/090,,"18"" Tebidaba/Brass Pipeline",PIPELINE (OIL),Kalatoru,TEBIDABA,SAR,Southern Ijaw,Bayelsa State,N 04° 32' 29.8'',E 005° 57' 50.7'',28/02/2013,28/02/2013,,14:15,28/02/2013,,OML 63,,Oil theft,Sabotage,"4” valve installed on pipe by unknown person(s).
.",Third party,1,0.63
2013/OS/091,,"18"" Tebidaba/Brass Pipeline",PIPELINE (OIL),Kalatoru,TEBIDABA,SAR,Southern Ijaw,Bayelsa State,N 04° 32' 34.6'',E 005° 57' 30.5'',1/3/2013,1/3/2013,,14:20,1/3/2013,,OML 63,,Oil theft,Sabotage,"4"" valve installed on pipe by unknown person(s)..",Third party,1,0.63
2013/OS/092,,"8"" Nembe/Obama Pipeline",PIPELINE (OIL),Sabatoru,OBAMA,SAR,Nembe,Bayelsa State,N 04° 36' 14.6'',E 006° 20' 15.4'',1/3/2013,1/3/2013,,14:30,1/3/2013,,OML 63,,Induced corrosion,Sabotage,,,1,0.63
2013/OS/094,,Taylor Creek 2Ls flowline,FLOWLINE,Ikarama,OSHIE,LAR,Yenagoa,Bayelsa State,N 05° 09' 54.3'',E 006° 26' 26.4'',1/3/2013,1/3/2013,,16:34,1/3/2013,,OML 61,,Hacksaw cut,Sabotage,,Third party,17.4,3
2013/OS/097,,"10"" Clough Creek/Tebidaba Pipeline",PIPELINE (OIL),Azagbene,TEBIDABA,SAR,Ekeremor,Bayelsa State,N 04° 49' 23.3'',E 005° 42' 43.8'',6/3/2013,6/3/2013,,12:04,6/3/2013,,OML 63,,Oil theft,Sabotage,"Unknown persons cut open cap of previously repaired oil theft point, awaiting installation..",Third party,8,3
2013/OS/099,,"24"" Ogoda/Brass Pipeline",PIPELINE (OIL),Fantuo,BRASS TERMINAL,SAR,Brass,Bayelsa State,"
N 04° 24' 00.1''","
E 006° 20' 30.1''",10/3/2013,10/3/2013,,10:25,10/3/2013,,OML 63,,Oil theft,Sabotage,"8"" Valve installed with pipe connection on pipe by unknown person(s)..",Third party,10,5
2013/OS/100,,"10"" OB-OB/EOC pipeline",PIPELINE (OIL),Omoku,OBAMA,LAR,Ogba/Ndoni/Egbema,Rivers State,N 05° 24' 27.4'',E 006° 38' 01.7'',14/03/2013,14/03/2013,,18:09,14/03/2013,,OML 61,,Hacksaw cut,Sabotage,,,8,7
2013/OS/101,,"18"" Tebidaba/Brass Pipeline",PIPELINE (OIL),Mbikiba,TEBIDABA,SAR,Southern Ijaw,Bayelsa State,N 04° 28' 40.5'',E 006° 06' 11.0'',16/03/2013,16/03/2013,,14:50,16/03/2013,,OML 63,,Oil theft,Sabotage,"3"" valve installed on the pipeline by unknown person(s)..",Third party,3,1
2013/OS/103,,"18"" Tebidaba/Brass Pipeline",PIPELINE (OIL),Mbikiba,TEBIDABA,SAR,Southern Ijaw,Bayelsa State,N 04° 29' 08.7'',E 006° 05' 45.8'',17/03/2013,17/03/2013,,13:21,17/03/2013,,OML 63,,Oil theft,Sabotage,"4"" valave installed on pipe by unknown person(s).",Third party,1,0.31
2013/OS/104,,"18"" Tebidaba/Brass Pipeline",PIPELINE (OIL),Mbikiba,TEBIDABA,SAR,Southern Ijaw,Bayelsa State,N 04° 29' 27.3'',E 006° 05' 12.0'',17/03/2013,17/03/2013,,13:21,17/03/2013,,OML 63,,Oil theft,Sabotage,Valve installed on pipeline with hose connection by unknown person (s)..,Third party,17,8
2013/OS/106,,"18"" Tebidaba/Brass Pipeline",PIPELINE (OIL),Lagosgbene,TEBIDABA,SAR,Southern Ijaw,Bayelsa State,N 04° 28' 10.2'',E 006° 08' 37.1'',20/03/2013,20/03/2013,,11:00,20/03/2013,,OML 63,,Oil theft,Sabotage,"3"" valve installed on pipe by unknown person (s)..",Third party,6,2
2013/OS/108,,"18"" Tebidaba/Brass Pipeline",PIPELINE (OIL),Lagosgbene,TEBIDABA,SAR,Southern Ijaw,Bayelsa State,N 04° 28' 17.5'',E 006° 08' 19.1'',21/03/2013,21/03/2013,,8:56,21/03/2013,,OML 63,,Oil theft,Sabotage,"3"" valve installed on pipe by unknown person (s)..",Third party,10,5
2013/OS/109,,"18"" Tebidaba/Brass Pipeline",PIPELINE (OIL),Mbikiba,TEBIDABA,SAR,Southern Ijaw,Bayelsa State,N 04° 32' 34.6'',E 005° 57' 30.5'',21/03/2013,21/03/2013,,11:30,1/3/2013,,,,Oil theft,Sabotage,"3"" & 4"" valves installed on pipeline with hose connection by unknown person (s)..",Third party,1,0.63
2013/OS/111,,Obiafu 31Ls flowline,FLOWLINE,Omoku,OB/OB,LAR,Ogba/Ndoni/Egbema,Rivers State,N 05° 26' 26.1'',E 006° 36' 43.6'',22/03/2013,22/03/2013,,10:07,22/03/2013,,OML 61,,Others,Sabotage,Removal of down hole needle Valve and loosening of bolts connecting the flowline..,Third party,15,0
2013/OS/114,,Ebocha 5T flowline,FLOWLINE,Obrikom,EBOCHA,LAR,Ogba/Ndoni/Egbema,Rivers State,N 05° 26' 52.9'',E 006° 38' 54.1'',26/03/2013,26/03/2013,,18:59,26/03/2013,,OML 61,,Hacksaw cut,Sabotage,50 mm Hacksaw cut on facility..,Third party,2,0
2013/OS/115,,TEBIDABA F/S,FLOWSTATION,Tebidaba,TEBIDABA,SAR,Southern Ijaw,Bayelsa State,N 04° 33' 20.5'',E 005° 55' 17.4'',26/03/2013,26/03/2013,,18:08,26/03/2013,,OML 63,,Structure failure,Operation control,Cracked bundwall..,Company,3,0
2013/OS/116,,Ebocha 13Ls flowline,FLOWLINE,Obrikom,OB/OB,LAR,Ogba/Ndoni/Egbema,Rivers State,N 05° 27' 18.6'',E 006° 41' 28.4'',27/03/2013,27/03/2013,,18:59,27/03/2013,,OML 60,,Others,Sabotage,cutting and carting away of flowline..,Third party,5,0
2013/OS/119,,Ebocha 4Ss flowline,FLOWLINE,Ebocha,EBOCHA,LAR,Ogba/Ndoni/Egbema,Rivers State,N 05° 27' 17.8'',E 006° 41' 26.3'',27/03/2013,27/03/2013,,18:59,27/03/2013,,OML 61,,Hacksaw cut,Sabotage,38mm Hacksaw cut at 1 O'clock position..,Third party,1,0
2013/OS/120,,Obiafu 31Ls flowline,FLOWLINE,Ebocha,EBOCHA,LAR,Ogba/Ndoni/Egbema,Rivers State,N 05° 26' 53.0'',E 006° 37' 43.7'',27/03/2013,27/03/2013,,18:59,27/03/2013,,OML 60,,Hacksaw cut,Sabotage,14mm hacksaw cut observed on flowline..,Third party,67,0
2013/OS/122,,Oshie 11 Ss flowline,FLOWLINE,Akaraolu,OSHIE,LAR,Ahoada West,Rivers State,N 05° 06' 02.3'',E 006° 29' 48.9'',30/03/2013,30/03/2013,,10:20,30/03/2013,,OML 61,,Hacksaw cut,Sabotage,60mm hacksaw cut at 3 0'clock position on the flowline..,Third party,5,0
2013/OS/123,,"24"" Ogoda/Brass Pipeline",PIPELINE (OIL),Fantuo,BRASS TERMINAL,SAR,Brass,Bayelsa State,N 04° 20' 49.3'',E 006° 17' 52.2'',30/03/2013,30/03/2013,,16:05,30/03/2013,,OML 63,,Oil theft,Sabotage,"3 (nos) 6"" valve installed with a hose connection on one of the valves by unknown.",Third party,1.26,0.94
2013/OS/125,,Obiafu 31Ls flowline,FLOWLINE,Ebocha,OB/OB,LAR,Ogba/Ndoni/Egbema,Rivers State,N 05° 26' 53.1'',E 006° 40' 19.4'',1/4/2013,1/4/2013,,10:39,1/4/2013,,OML 61,,Hacksaw cut,Sabotage,,Third party,8,2
2013/OS/129,,Umuoru 5T flowline,FLOWLINE,Omoku,OB/OB,LAR,Ogba/Ndoni/Egbema,Rivers State,N 05° 23' 13.6'',E 006° 33' 48.2'',1/4/2013,1/4/2013,,10:39,1/4/2013,,OML 61,,Hacksaw cut,Sabotage,"39mm hacksaw cut at 11 0'clock position on the flowline.
.",Third party,2,0
2013/OS/132,,"6"" Taylor Creek 2Ls flowline",FLOWLINE,Ikarama,OSHIE,LAR,Yenagoa,Bayelsa State,N 05° 10' 18.5'',E 006° 26' 37.7'',3/4/2013,3/4/2013,,3:15,3/4/2013,,OML 61,,Hacksaw cut,Sabotage,,Third party,25,0
2013/OS/133,,"24"" Ogoda/Brass Pipeline",PIPELINE (OIL),Ewoama,BRASS TERMINAL,SAR,Brass,Bayelsa State,"
N 04° 19' 53.6''","
E 006° 16' 57.9''",4/4/2013,4/4/2013,,10:07,4/4/2013,,OML 63,,Oil theft,Sabotage,"2 (nos) Valves installed on pipe with 6"" pipe connection by unknown person (s)..",Third party,4,3.5
2013/OS/134,,"24"" Ogoda/Brass Pipeline",PIPELINE (OIL),Ewoama,BRASS TERMINAL,SAR,Brass,Bayelsa State,N 04° 19' 53.1'',E 006° 16' 57.5'',4/4/2013,4/4/2013,,10:07,4/4/2013,,OML 63,,Oil theft,Sabotage,"2 (nos) valve installed on pipe with 6"" pipe connection by unknown person (s).",Third party,4,3.5
2013/OS/135,,Obiafu 14Ls flowline,FLOWLINE,Omoku,EBOCHA,LAR,Ogba/Ndoni/Egbema,Rivers State,N 05° 23' 14.7'',E 006° 33' 41.9'',3/4/2013,3/4/2013,,10:33,3/4/2013,,OML 61,,Corrosion,Operation control,"1 mm pin hole at 7 O' Clock position.
.",Company,35,0
2013/OS/142,,Ebocha 20T flowline,FLOWLINE,Obrikom,EBOCHA,LAR,Ogba/Ndoni/Egbema,Rivers State,N 05° 26' 51.6'',E 006° 40' 25.9'',1/4/2013,1/4/2013,,12:05,5/4/2013,,OML 61,,Hacksaw cut,Sabotage,"6mm  drilled hole observed on flowline.
.",Third party,1,0
2013/OS/148,,Taylor Creek 2Ss flowline,FLOWLINE,Akinima,OSHIE,LAR,Ahoada West,Rivers State,N 05° 06' 36.0'',E 006° 28' 28.8'',12/4/2013,12/4/2013,,9:28,12/4/2013,,OML 61,,Hacksaw cut,Sabotage,,Third party,1,0
2013/OS/151,,Umuoru 5T flowline,FLOWLINE,Obiafu,EBOCHA,LAR,Ogba/Ndoni/Egbema,Rivers State,N 05° 23' 13.3'',E 006° 33' 58.9'',13/04/2013,13/04/2013,,15:43,13/04/2013,,OML 61,,Corrosion,Operation control,"Pitting corrosion  at 6 0'clock position.
.",,49,32
2013/OS/157,,Ebocha 1T flowline,FLOWLINE,Ebocha,EBOCHA,LAR,Ogba/Ndoni/Egbema,Rivers State,N 05° 27' 15.6'',E 006° 41' 28.5'',6/4/2013,6/4/2013,,10:49,6/4/2013,,OML 61,,Hacksaw cut,Sabotage,,Third party,3,0
2013/OS/161,,Tebidaba well 11 TBG flowline,FLOWLINE,Olugbobiri,TEBIDABA,SAR,Southern Ijaw,Bayelsa State,N 04° 33' 36.7'',E 005° 55' 05.5'',15/04/2013,15/04/2013,,15:16,15/04/2013,,OML 63,,Others,Sabotage,"About 2 kilometer of flowline was cut and carted away.
.",Third party,6,0
2013/OS/168,,Oshie 6Ls flowline,FLOWLINE,Oshie,OSHIE,LAR,Ahoada West,Rivers State,N 05° 06' 02.4'',E 006° 29' 42.7'',18/04/2013,18/04/2013,,17:05,18/04/2013,,OML 61,,Equipment failure,Operation control,,Company,198,180
2013/OS/170,,MV Ibimor Beke Vessel,BRASS TERMINAL,Brass,BRASS TERMINAL,SAR,Brass,Bayelsa State,N 04° 18' 22.5'',E 006° 14' 22.4'',23/04/2013,23/04/2013,,9:20,23/04/2013,,OML 63,,Accident,Operation control,MV Ibimor Beke vessel was hit and punctured by a barge being towed by tug boats spilling its content..,Company,33.9,32
2013/OS/174,,Ebocha 5T flowline,FLOWLINE,Ebocha,EBOCHA,LAR,Ogba/Ndoni/Egbema,Rivers State,N 05° 26' 49.3'',E 006° 39' 35.7'',24/04/2013,24/04/2013,,11:39,24/04/2013,,OML 60,,Drilled hole,Sabotage,,Third party,2,0
2013/OS/182,,Obiafu 40T flowline,FLOWLINE,Obiafu,OB/OB,LAR,Ogba/Ndoni/Egbema,Rivers State,N 05° 25' 25.6'',E 006° 35' 04.1'',28/04/2013,28/04/2013,,11:30,28/04/2013,,OML 61,,Equipment failure,Operation control,"Flange failure due to high pressure.
.",,1.5,0
2013/OS/185,,Obiafu 4Ls flowline,FLOWLINE,Obiafu,OB/OB,LAR,Ogba/Ndoni/Egbema,Rivers State,N 05° 24' 06.8'',E 006° 37' 28.0'',2/5/2013,2/5/2013,,7:53,2/5/2013,,OML 61,,Equipment failure,Operation control,Clamp failure.,,26.42,20
2013/OS/187,,Obiafu 6T flowline,FLOWLINE,Obiafu,OB/OB,LAR,Ogba/Ndoni/Egbema,Rivers State,"
N 05° 25' 20.7''","
E 006° 35' 04.1''",3/5/2013,3/5/2013,,11:00,3/5/2013,,OML 61,,Equipment failure,Operation control,"Failure of check vavle & flange ring joint.
.",Company,4,0
2013/OS/188,,"4"" Okpai 12Ss flowline",FLOWLINE,Beneku,IPP OKPAI ,LAR,Ndokwa East,Delta State,N 05° 42' 22.3'',E 006° 32' 18.6'',3/5/2013,3/5/2013,,3:00,5/5/2013,,OML 60,,Equipment failure,Operation control,Clamp failure.,Company,7,0
2013/OS/189,,"4"" Okpai 12Ss flowline",FLOWLINE,Beneku,IPP OKPAI ,LAR,Ndokwa East,Delta State,N 05° 40' 32.9'',E 006° 30' 55.3'',3/5/2013,3/5/2013,,3:15,5/5/2013,,OML 60,,Hacksaw cut,Sabotage,,Third party,2,0
2013/OS/194,,Oshie 14Ls flowline,FLOWLINE,Oshie,OSHIE,LAR,Ahoada West,Rivers State,N 05° 06' 12.8'',E 006° 29' 55.0'',4/5/2013,4/5/2013,,7:40,4/5/2013,,OML 61,,Operational error,Operation control,"Opening of the flowline valve from the wellhead by unknown person/s resulting to a spill from a previously cut section of the flowline.
.",Company,10,TBE
2013/OS/195,,Mgbede 21T wellhead,WELL HEAD,Ebocha,EBOCHA,LAR,Ogba/Ndoni/Egbema,Rivers State,N 05° 27' 00.7'',E 006° 41' 32.9'',5/5/2013,5/5/2013,,11:30,5/5/2013,,OML 61,,Others,Sabotage,Bolts on the SSV at the wellhead were loosened by unknown person (s)..,Third party,25,20
2013/OS/197,,"4"" Ashaka 4Ls flowline",FLOWLINE,Beneku,KWALE,LAR,Ndokwa East,Delta State,N 05° 39' 46.3'',E 006° 29' 46.4'',5/5/2013,5/5/2013,,14:15,5/5/2013,,OML 60,,Others,Sabotage,Cutting & carting away of a section of the flowline by unknown person (s)..,Third party,2.5,0
2013/OS/198,,"24"" Ogoda/Brass Pipeline",PIPELINE (OIL),Ewoama,BRASS TERMINAL,SAR,Brass,Bayelsa State,N 04° 19' 57.0'',E 006° 17' 01.2'',5/5/2013,5/5/2013,,10:45,5/5/2013,,OML 63,,Oil theft,Sabotage,Valve installed on pipeline by unknown person (s)..,Third party,7,2
2013/OS/199,,Oshie 15Ss flowline,FLOWLINE,Oshie,OSHIE,LAR,Ahoada West,Rivers State,N 05° 05' 57.0'',E 006° 29' 51.3'',5/5/2013,5/5/2013,,7:30,5/5/2013,,OML 61,,Hacksaw cut,Sabotage,,Third party,1,0
2013/OS/204,,"10"" Irri/Kwale Pipeline",PIPELINE (OIL),Okoh-Igbuku,IRRI,LAR,Ndokwa East,Delta State,N 05° 36' 28.5'',E 006° 27' 42.8'',6/5/2013,6/5/2013,,16:15,6/5/2013,,OML 60,,Oil theft,Sabotage,"3"" Valve installed on pipe by unknown person (s)..",Third party,4,0
2013/OS/205,,"10"" Irri/Kwale Pipeline",PIPELINE (OIL),Okoh-Igbuku,KWALE,LAR,Ndokwa East,Delta State,N 05° 36' 28.7'',E 006° 27' 43.1'',6/5/2013,6/5/2013,,16:15,,,,,TBD,TBD,,,TBE,
2013/OS/206,,Taylor Creek 2Ss flowline,FLOWLINE,Kalaba,OSHIE,LAR,Yenagoa,Bayelsa State,N 05° 10' 02.0'',E 006° 26' 31.7'',7/5/2013,7/5/2013,,7:27,,,OML 61,,Hacksaw cut,Sabotage,,Third party,10.064,0
2013/OS/217,,"10"" Clough Creek/Tebidaba Pipeline",PIPELINE (OIL),Ekeremor,CLOUGH CREEK,SAR,Southern Ijaw,Bayelsa State,N 04° 50' 36.4'',E 005° 41' 41.1'',10/5/2013,10/5/2013,,16:50,10/5/2013,,OML 63,,Equipment failure,Operation control,External corrosion of the pipe..,Contractor,40,0
2013/OS/218,,Kwale 14Ls location,Location,Beneku,KWALE,LAR,Ndokwa East,Delta State,N 05° 39' 38.0'',E 006° 30' 35.6'',12/5/2013,12/5/2013,,16:40,12/5/2013,,OML 61,,Operational error,Operation control,Rig activity..,Contractor,8,0
2013/OS/219,,"14"" Akri/EOC Pipeline",PIPELINE (OIL),Mmahu,AKRI,LAR,Ohaji/Egbema,Imo State,N 05° 33' 12.6'',E 006° 42' 32.5'',12/5/2013,12/5/2013,,16:17,12/5/2013,,OML 61,,Hacksaw cut,Sabotage,,Third party,10,4
2013/OS/223,,"24"" Ogoda/Brass Pipeline",PIPELINE (OIL),Egeinkiri,BRASS TERMINAL,SAR,Nembe,Bayelsa State,"
N 04° 24' 28.0''","
E 006° 20' 57.5''",15/05/2013,15/05/2013,,14:20,15/05/2013,,OML 63,,Oil theft,Sabotage,"10"" valve installed on pipeline and branched into two with 6"" pipe connection by unknown person (s)..",Third party,7,3
2013/OS/224,,"18"" Tebidaba/Brass Pipeline",PIPELINE (OIL),Lasukugbene,TEBIDABA,SAR,Southern Ijaw,Bayelsa State,N 04° 30' 28.5'',E 006° 02' 42.8'',15/05/2013,15/05/2013,,15:40,15/05/2013,,OML 63,,Oil theft,Sabotage,"2"" valve installed on pipeline by unknown person (s)..",Third party,15,0
2013/OS/225,,Mgbede 11Ls flowline,FLOWLINE,Ebocha,EBOCHA,LAR,Ogba/Ndoni/Egbema,Rivers State,"
N 05° 27' 22.1''","
E 006° 42' 24.0''",15/05/2013,15/05/2013,,16:17,15/05/2013,,OML 61,,Hacksaw cut,Sabotage,About 60mm Hacksaw cut & 6mm drill hole  was observed on the  flowline..,Third party,1,0
2013/OS/226,,"18"" Tebidaba/Brass Pipeline",PIPELINE (OIL),Oyeregbene,TEBIDABA,SAR,Southern Ijaw,Bayelsa State,N 04° 30' 24.0'',E 006° 03' 01.7'',16/05/2013,16/05/2013,,13:20,16/05/2013,,OML 63,,Oil theft,Sabotage,"3"" valve installed on pipeline by unknown person (s)..",Third party,1,0
2013/OS/228,,Mgbede 11Ss flowline,FLOWLINE,Mgbede,EBOCHA,LAR,Ogba/Ndoni/Egbema,Rivers State,"
N 05° 27' 22.1''","
E 006° 42' 24.4''",17/05/2013,17/05/2013,,14:32,17/05/2013,,OML 61,,Hacksaw cut,Sabotage,,Third party,1,0
2013/OS/236,,Ebocha 6Ls & Ss flowline,FLOWLINE,Ebegoro,EBOCHA,LAR,Ogba/Ndoni/Egbema,Rivers State,N 05° 21' 31.0'',E 006° 39' 01.0'',18/05/2013,18/05/2013,,10:17,18/05/2013,,OML 61,,Use of explosive,Sabotage,Detonation of an explosive by unknown person (s).,Third party,1,0
2013/OS/237,,Ebegoro 5 wellhead,WELL HEAD,Ebegoro,EBOCHA,LAR,Ogba/Ndoni/Egbema,Rivers State,N 05° 21' 29.6'',E 006° 39' 52.7'',18/05/2013,18/05/2013,,10:37,18/05/2013,,OML 61,,Use of explosive,Sabotage,"Detonation of an explosive by unknown person (s) on the wing valve.
.",Third party,1,0
2013/OS/240,,"18"" Tebidaba/Brass Pipeline",PIPELINE (OIL),Oyeregbene,TEBIDABA,SAR,Southern Ijaw,Bayelsa State,N 04° 29' 52.3'',E 006° 04' 21.8'',18/05/2013,18/05/2013,,14:40,18/05/2013,,OML 63,,Oil theft,Sabotage,"3"" valve installed on pipeline by unknown person (s)..",Third party,13,0
2013/OS/244,,"14"" Akri/EOC Pipeline",PIPELINE (OIL),Mmahu,AKRI,LAR,Ohaji/Egbema,Imo State,N 05° 42' 01.3'',E 006° 35' 06.1'',20/05/2013,20/05/2013,,17:15,20/05/2013,,OML 61,,Hacksaw cut,Sabotage,,Third party,8,0
2013/OS/246,,Obiafu 5T flowline,FLOWLINE,Omoku,OB/OB,LAR,Ogba/Ndoni/Egbema,Rivers State,N 05° 24' 11.7'',E 006° 37' 22.1'',23/05/2013,23/05/2013,,13:13,23/05/2014,,,,Hacksaw cut,Sabotage,,Third party,1.51,
2013/OS/247,,Obiafu 34T wellhead,WELL HEAD,Omoku,EBOCHA,LAR,Ogba/Ndoni/Egbema,Rivers State,N 05° 23' 02.0'',E 006° 35' 51.1'',23/05/2013,23/05/2013,,13:13,,,,,Equipment failure,Operation control,20mm hole leakage was observed on a welded joint on the spool neck at the wellhead..,Company,30,
2013/OS/255,,"18"" Tebidaba/Brass Pipeline",PIPELINE (OIL),Elepa,TEBIDABA,SAR,Nembe,Bayelsa State,N 04° 27' 37.6'',E 006° 10' 10.9'',24/05/2013,24/05/2013,,14:01,,,,,Oil theft,Sabotage,"3"" valve installed on pipe with hose connection by unknown person (s)..",Third party,1,
2013/OS/257,,"18"" Obama/Brass Pipeline",PIPELINE (OIL),Akaguama,OBAMA,SAR,Nembe,Bayelsa State,N 04° 32' 18.4'',E 006° 15' 37.2'',26/05/2013,26/05/2013,,11:45,,,,,Oil theft,Sabotage,"4"" Valve installed on pipe by unknown person (s)..",Third party,50,
2013/OS/259,,"18"" Tebidaba/Brass Pipeline",PIPELINE (OIL),Oyeregbene,TEBIDABA,SAR,Southern Ijaw,Bayelsa State,N 04° 29' 52.3'',E 006° 04' 21.4'',28/05/2013,28/05/2013,,11:45,28/05/2013,,,,Oil theft,Sabotage,valve installed on pipe with connection by unknown person (s)..,,TBE,
2013/OS/262,,"10"" Clough Creek/Tebidaba Pipeline",PIPELINE (OIL),Apoi,OGBAINBIRI,SAR,Southern Ijaw,Bayelsa State,"
N 04° 43' 37.7''","
E 005° 51' 21.0''",26/05/2013,26/05/2013,,15:21,26/05/2013,,,,Hacksaw cut,Sabotage,,Third party,24,
2013/OS/272,,"18"" Tebidaba/Brass Pipeline",PIPELINE (OIL),Oyeregbene,TEBIDABA,SAR,Southern Ijaw,Bayelsa State,N 04° 29' 27.8'',E 006° 05' 10.7'',3/6/2013,3/6/2013,,10:45,,,,,Oil theft,Sabotage,"3"" valve installed on pipe with pipe connection by unknown person (s)..",,TBE,
2013/OS/273,,"18"" Tebidaba/Brass Pipeline",PIPELINE (OIL),Oyeregbene,TEBIDABA,SAR,Southern Ijaw,Bayelsa State,N 04° 29' 27.5'',E 006° 05' 11.9'',4/6/2013,4/6/2013,,10:45,,,,,Oil theft,Sabotage,"3"" valve installed on pipe by unknown person (s).",Third party,TBE,
2013/OS/277,,"18"" Tebidaba/Brass Pipeline",PIPELINE (OIL),Mbikiba,TEBIDABA,SAR,Southern Ijaw,Bayelsa State,N 04° 29' 27.5'',E 006° 05' 11.9'',5/6/2013,5/6/2013,,10:00,,,,,Oil theft,Sabotage,"3"" valve installed on pipe with pipe connection by unknown person (s)..",Third party,TBE,
2013/OS/278,,"18"" Tebidaba/Brass Pipeline",PIPELINE (OIL),Mbikiba,TEBIDABA,SAR,Southern Ijaw,Bayelsa State,N 04° 28' 29.1'',E 006° 06' 32.5'',5/6/2013,5/6/2013,,12:00,,,,,Oil theft,Sabotage,"3"" nipple installed on pipe by unknown person (s)..",Third party,TBE,
2013/OS/279,,"18"" Tebidaba/Brass Pipeline",PIPELINE (OIL),Mbikiba,TEBIDABA,SAR,Southern Ijaw,Bayelsa State,N 04° 28' 41.0'',E 006° 06' 01.5'',5/6/2013,5/6/2013,,12:00,,,,,Oil theft,Sabotage,"6"" valve installed on pipe with pipe with pipe connection by unknown person (s)..",Third party,TBE,
2013/OS/280,,"18"" Tebidaba/Brass Pipeline",Pipeline,Mbikiba,TEBIDABA,SAR,Southern Ijaw,Bayelsa State,N 04° 28' 29.1'',E 006° 06' 32.5'',6/6/2013,6/6/2013,,12:10,,,,,Oil theft,Sabotage,"3"" valve installed on pipe by unknown person (s).",Third party,TBE,
2013/OS/285,,Oshie 8Ss flowline,FLOWLINE,Oshie,OSHIE,LAR,Ahoada West,Rivers State,N 05° 06' 05.1'',E 006° 29' 31.9'',9/6/2013,9/6/2013,,16:30,9/6/2013,,OML 61,,Hacksaw cut,Sabotage,,Third party,40,30
2013/OS/290,,"18"" Tebidaba/Brass Pipeline",PIPELINE (OIL),Lasukugbene,TEBIDABA,SAR,Southern Ijaw,Bayelsa State,N 04° 30' 32.7'',E 006° 02' 23.7'',15/06/2013,15/06/2013,,17:30,15/06/2013,,OML 63,,Oil theft,Sabotage,"3"" valve installed on pipe by unknown person (s)..",Third party,7,2
2013/OS/294,,"18"" Tebidaba/Brass Pipeline",PIPELINE (OIL),Kalatoru,TEBIDABA,SAR,Southern Ijaw,Bayelsa State,N 04° 32' 35.7'',E 005° 57' 28.3'',18/06/2013,18/06/2013,,12:45,,,,,Oil theft,Sabotage,"4"" valve installed on pipe by unknown person (s)..",Third party,TBE,
2013/OS/296,,"18"" Tebidaba/Brass Pipeline",PIPELINE (OIL),Lasukugbene,TEBIDABA,SAR,Southern Ijaw,Bayelsa State,"
N 04° 30' 35.1''","
E 006° 02' 14.4''",19/06/2013,19/06/2013,,14:00,19/06/2013,,OML 63,,Oil theft,Sabotage,"2 (nos) - 6"" valves installed on pipe by unknown person (s)..",Third party,8,3
2013/OS/299,,Ebocha 5T flowline,FLOWLINE,Obrikom,OB/OB,LAR,Ogba/Ndoni/Egbema,Rivers State,N 05° 26' 49.0'',E 006° 39' 35.7'',20/06/2013,20/06/2013,,19:06,20/06/2013,,OML 61,,Drilled hole,Sabotage,,,2,0
2013/OS/300,,"18"" Tebidaba/Brass Pipeline",PIPELINE (OIL),Baberegbene,TEBIDABA,SAR,Southern Ijaw,Bayelsa State,N 04° 30' 53.1'',E 006° 01' 42.2'',22/06/2013,22/06/2013,,13:05,,,,,Oil theft,Sabotage,4' Valve installed on pipe by unknown person (s)..,Third party,TBE,
2013/OS/301,,"18"" Tebidaba/Brass Pipeline",PIPELINE (OIL),Baberegbene,TEBIDABA,SAR,Southern Ijaw,Bayelsa State,N 04° 30' 45.7'',E 006° 01' 42.2'',22/06/2013,22/06/2013,,13:45,,,,,Oil theft,Sabotage,"3"" Valve installed on pipe by unknown person (s)..",Third party,TBE,
2013/OS/302,,Ebocha 7Ls flowline,FLOWLINE,Obrikom,OB/OB,LAR,Ogba/Ndoni/Egbema,Rivers State,N 05° 26' 47.9'',E 006° 39' 14.7'',22/06/2013,22/06/2013,,18:33,22/06/2013,,OML 61,,Drilled hole,Sabotage,,Third party,5,1
2013/OS/304,,Taylor Creek 2Ss flowline,FLOWLINE,Kalaba,OSHIE,LAR,Yenagoa,Bayelsa State,N 05° 09' 27.2'',E 006° 26' 21.3'',22/06/2013,22/06/2013,,12:39,,,,,Hacksaw cut,Sabotage,,Third party,TBE,
2013/OS/305,,Taylor Creek 2Ss flowline,FLOWLINE,Kalaba,OSHIE,LAR,Yenagoa,Bayelsa State,N 05° 09' 11.5'',E 006° 26' 26.4'',22/06/2013,22/06/2013,,12:39,,,,,Hacksaw cut,Sabotage,,Third party,TBE,
2013/OS/306,,Taylor Creek 1T flowline,FLOWLINE,Kalaba,OSHIE,LAR,Yenagoa,Bayelsa State,N 05° 09' 11.5'',E 006° 26' 33.3'',22/06/2013,22/06/2013,,11:30,,,,,Hacksaw cut,Sabotage,,Third party,TBE,
2013/OS/308,,"18"" Tebidaba/Brass Pipeline",PIPELINE (OIL),Baberegbene,TEBIDABA,SAR,Southern Ijaw,Bayelsa State,N 04° 30' 54.5'',E 006° 01' 39.9'',23/06/2013,23/06/2013,,11:25,,,,,Oil theft,Sabotage,"3"" Valve installed on pipe by unknown person (s)..",Third party,TBE,
2013/OS/309,,"18"" Tebidaba/Brass Pipeline",PIPELINE (OIL),Baberegbene,TEBIDABA,SAR,Southern Ijaw,Bayelsa State,N 04° 30' 53.4'',E 006° 01' 41.4'',23/06/2013,23/06/2013,,13:35,,,,,Oil theft,Sabotage,"3"" Valve installed on pipe unknown person (s).",Third party,TBE,
2013/OS/310,,"18"" Tebidaba/Brass Pipeline",PIPELINE (OIL),Baberegbene,TEBIDABA,SAR,Southern Ijaw,Bayelsa State,N 04° 31' 02.9'',E 006° 01' 26.8'',24/06/2013,24/06/2013,,2:45,,,,,Oil theft,Sabotage,"3"" Valve installed on pipe by unknown person (s)..",Third party,TBE,
2013/OS/311,,"18"" Obama/Brass Pipeline",PIPELINE (OIL),Adikiama,OBAMA,SAR,Nembe,Bayelsa State,N 04° 31' 32.6'',E 006° 15' 24.3'',24/06/2013,24/06/2013,,9:45,,,,,Oil theft,Sabotage,"6"" Valve installed on pipe with pipe connection by unknown person (s)..",Third party,TBE,
2013/OS/315,,"18"" Tebidaba/Brass Pipeline",PIPELINE (OIL),Kamborro,TEBIDABA,SAR,Southern Ijaw,Bayelsa State,N 04° 32' 52.9'',E 005° 56' 26.9'',25/06/2013,25/06/2013,,13:45,,,,,Oil theft,Sabotage,"2 (nos) - 6"" valves installed on pipe by unknown person (s)..",Third party,TBE,
2013/OS/319,,"18"" Tebidaba/Brass Pipeline",PIPELINE (OIL),Oyeregbene,TEBIDABA,SAR,Southern Ijaw,Bayelsa State,"
N 04° 30' 06.4''","
E 006° 03' 49.8''",27/06/2013,27/06/2013,,13:45,,,,,Oil theft,Sabotage,"3"" & 4"" Valves installed on pipe by unknown person (s)..",Third party,TBE,
2013/OS/326,,"18"" Tebidaba/Brass Pipeline",PIPELINE (OIL),Mbikiba,TEBIDABA,SAR,Southern Ijaw,Bayelsa State,N 04° 29' 26.3'',E 006° 05' 14.0'',29/06/2013,29/06/2013,,13:35,,,,,Oil theft,Sabotage,"4"" ball valve installed on pipe by unknown person (s)..",Third party,TBE,
2013/OS/328,,"18"" Tebidaba/Brass Pipeline",PIPELINE (OIL),Oyeregbene,TEBIDABA,SAR,Southern Ijaw,Bayelsa State,N 04° 30' 24.1'',E 006° 03' 01.4'',30/06/2013,30/06/2013,,11:05,,,,,Oil theft,Sabotage,"3"" Valve installed on pipe by unknown person (s)..",Third party,TBE,
2013/OS/329,,"18"" Tebidaba/Brass Pipeline",PIPELINE (OIL),Kalatoru,TEBIDABA,SAR,Southern Ijaw,Bayelsa State,N 04° 32' 36.5'',E 005° 57' 26.3'',2/7/2013,2/7/2013,,15:00,,,,,Oil theft,Sabotage,"6"" valve installed on pipe by unknown person (s)..",Third party,TBE,
2013/OS/331,,"18"" Tebidaba/Brass Pipeline",PIPELINE (OIL),Igbematoru,TEBIDABA,SAR,Southern Ijaw,Bayelsa State,N 04° 31' 41.8'',E 006° 00' 12.6'',3/7/2013,3/7/2013,,17:29,,,,,Oil theft,Sabotage,"6"" Valve installed on pipe with 4"" pipe connection by unknown person (s)..",Third party,TBE,
2013/OS/332,,"18"" Tebidaba/Brass Pipeline",PIPELINE (OIL),Igbematoru,TEBIDABA,SAR,Southern Ijaw,Bayelsa State,N 04° 32' 13.0'',E 005° 58' 48.0'',3/7/2013,3/7/2013,,15:30,,,,,Oil theft,Sabotage,"3"" Valve installed on pipe by unknown person (s)..",Third party,TBE,
2013/OS/334,,"18"" Tebidaba/Brass Pipeline",PIPELINE (OIL),Igbematoru,TEBIDABA,SAR,Southern Ijaw,Bayelsa State,N 04° 32' 13.5'',E 005° 58' 46.5'',5/7/2013,5/7/2013,,16:30,,,,,Oil theft,Sabotage,"2"" valve installed on pipe by unknown person (s)..",Third party,TBE,
2013/OS/335,,"18"" Tebidaba/Brass Pipeline",PIPELINE (OIL),Igbematoru,TEBIDABA,SAR,Southern Ijaw,Bayelsa State,N 04° 32' 05.5'',E 005° 59' 14.6'',5/7/2013,5/7/2013,,17:00,,,,,Oil theft,Sabotage,"3"" Valve installed on pipe by unknown person (s)..",Third party,TBE,
2013/OS/336,,"18"" Tebidaba/Brass Pipeline",PIPELINE (OIL),Oyeregbene,TEBIDABA,SAR,Southern Ijaw,Bayelsa State,N 04° 30' 17.7'',E 006° 03' 23.8'',5/7/2013,5/7/2013,,17:30,,,,,Oil theft,Sabotage,"3"" Valve installed on pipe by unknown person (s)..",Third party,TBE,
2013/OS/339,,"18"" Tebidaba/Brass Pipeline",PIPELINE (OIL),Baberegbene,TEBIDABA,SAR,Southern Ijaw,Bayelsa State,"
N 04° 31' 07.7''","
E 006° 01' 19.0''",8/7/2013,8/7/2013,,13:38,,,,,Oil theft,Sabotage,"2 (nos) - 3"" Valves installed on pipe by unknown person (s)..",Third party,TBE,
2013/OS/340,,"18"" Tebidaba/Brass Pipeline",PIPELINE (OIL),Baberegbene,TEBIDABA,SAR,Southern Ijaw,Bayelsa State,N 04° 30' 50.8'',E 006° 01' 45.7'',8/7/2013,8/7/2013,,12:00,,,,,Oil theft,Sabotage,"4"" Valve installed on pipe by unknown person (s).",Third party,TBE,
2013/OS/341,,Taylor Creek 2Ss flowline,FLOWLINE,Ikarama,OSHIE,LAR,Yenagoa,Bayelsa State,N 05° 09' 50.0'',E 006° 26' 23.3'',9/7/2013,9/7/2013,,8:00,,,,,Hacksaw cut,Sabotage,,Third party,TBE,
2013/OS/343,,Tank 11 Tank Farm,BRASS TERMINAL,Brass,BRASS TERMINAL,SAR,Brass,Bayelsa State,N 04° 18' 00.0'',E 006° 14' 47.0'',9/7/2013,9/7/2013,,16:00,,,,,Operational error,Operation control,(Overflow of AGO from the Tank.,Company,TBE,
2013/OS/344,,"24"" Ogoda/Brass Pipeline",PIPELINE (OIL),Ewoama,BRASS TERMINAL,SAR,Brass,Bayelsa State,N 04° 19' 24.7'',E 006° 16' 23.7'',10/7/2013,10/7/2013,,11:10,,,,,Oil theft,Sabotage,"(10"" Valve installed on the pipeline and branched into 2 - (nos) 8"" pipe by unknown person (s).).",Third party,TBE,
2013/OS/347,,"10"" Clough Creek/Tebidaba Pipeline",PIPELINE (OIL),Azagbene,CLOUGH CREEK,SAR,Ekeremor,Bayelsa State,N 04° 48' 20.9'',E 005° 44' 06.9'',11/7/2013,11/7/2013,,11:10,,,,,Oil theft,Sabotage,"2"" Valve installed on pipe by unknown person (s)..",Third party,TBE,
2013/OS/348,,"10"" Clough Creek/Tebidaba Pipeline",PIPELINE (OIL),Azagbene,CLOUGH CREEK,SAR,Ekeremor,Bayelsa State,N 04° 48' 44.8'',E 005° 43' 44.0'',11/7/2013,11/7/2013,,12:00,,,,,Oil theft,Sabotage,"3"" Valve installed on pipe by unknown person (s)..",Third party,TBE,
2013/OS/349,,Oshie 2Ls flowline,FLOWLINE,Akinima,OSHIE,LAR,Ahoada West,Rivers State,N 05° 06' 13.9'',E 006° 28' 40.3'',12/7/2013,12/7/2013,,16:06,,,,,TBD,TBD,,,TBE,
2013/OS/350,,Oshie 15Ss flowline,FLOWLINE,Akinima,OSHIE,LAR,Ahoada West,Rivers State,N 05° 06' 11.6'',E 006° 28' 45.6'',13/07/2013,13/07/2013,,18:30,,,,,Hacksaw cut,Sabotage,,Third party,TBE,
2013/OS/351,,"10"" Clough Creek/Tebidaba Pipeline",PIPELINE (OIL),Azagbene,CLOUGH CREEK,SAR,Ekeremor,Bayelsa State,"
N 04° 48' 58.9''","
E 005° 43' 14.1''",13/07/2013,13/07/2013,,13:00,,,,,Oil theft,Sabotage,"2 (nos) of 4"" Valve installed on pipe by unknown person (s).",Third party,TBE,
2013/OS/352,,"10"" Clough Creek/Tebidaba Pipeline",PIPELINE (OIL),Gbaraun,CLOUGH CREEK,SAR,Southern Ijaw,Bayelsa State,"
N 04° 47' 25.5''","
E 005° 46' 27.3''",13/07/2013,13/07/2013,,14:00,,,,,Oil theft,Sabotage,"2 (nos) 2"" Valve installed on pipe by unknown person (s)..",Third party,TBE,
2013/OS/358,,"10"" Clough Creek/Tebidaba Pipeline",PIPELINE (OIL),Gbaraun,CLOUGH CREEK,SAR,Southern Ijaw,Bayelsa State,"
N 04° 45' 00.1''","
E 005° 49' 19.0''",16/07/2013,16/07/2013,,14:00,,,,,Oil theft,Sabotage,"3"" Valve and 4"" Flange installed on pipe by unknown person (s)..",Third party,TBE,
2013/OS/366,,"18"" Tebidaba/Brass Pipeline",PIPELINE (OIL),Igbematoru,TEBIDABA,SAR,Southern Ijaw,Bayelsa State,N 04° 31' 26.1'',E 006° 00' 42.4'',20/07/2013,20/07/2013,,16:30,,,,,Oil theft,Sabotage,"3"" Valve installed with pipe connection by unknown person (s)..",Third party,TBE,
2013/OS/368,,"18"" Tebidaba/Brass Pipeline",PIPELINE (OIL),Baberegbene,TEBIDABA,SAR,Southern Ijaw,Bayelsa State,N 04° 31' 09.4'',E 006° 01' 16.0'',21/07/2013,21/07/2013,,11:05,,,,,Oil theft,Sabotage,"3"" Valve installed on pipe by unknown person (s)..",Third party,TBE,
2013/OS/369,,"18"" Tebidaba/Brass Pipeline",PIPELINE (OIL),Lasukugbene,TEBIDABA,SAR,Southern Ijaw,Bayelsa State,N 04° 30' 32.3'',E 006° 02' 25.4'',21/07/2013,21/07/2013,,14:25,,,,,TBD,TBD,,,TBE,
2013/OS/370,,"18"" Tebidaba/Brass Pipeline",PIPELINE (OIL),Kalatoru,TEBIDABA,SAR,Southern Ijaw,Bayelsa State,"
N 04° 32' 34.9''","
E 005° 57' 30.0''",22/07/2013,22/07/2013,,10:14,,,,,Oil theft,Sabotage,"2 (nos) 4"" Valves installed on pipe by unknown person (s)..",Third party,TBE,
2013/OS/374,,"18"" Tebidaba/Brass Pipeline",PIPELINE (OIL),Kalatoru,TEBIDABA,SAR,Southern Ijaw,Bayelsa State,N 04° 32' 32.9'',E 005° 57' 38.9'',22/07/2013,22/07/2013,,9:30,,,,,Oil theft,Sabotage,"3"" Valve installed on pipe by unknown person (s)..",Third party,TBE,
2013/OS/375,,"18"" Tebidaba/Brass Pipeline",PIPELINE (OIL),Kamborro,TEBIDABA,SAR,Southern Ijaw,Bayelsa State,N 04° 32' 53.1'',E 005° 56' 26.5'',23/07/2013,23/07/2013,,9:30,,,,,Oil theft,Sabotage,"6"" Valve installed on pipe by unknown person (s).",Third party,TBE,
2013/OS/377,,"18"" Tebidaba/Brass Pipeline",PIPELINE (OIL),Oyeregbene,TEBIDABA,SAR,Southern Ijaw,Bayelsa State,N 04° 29' 52.2'',E 006° 04' 21.5'',24/07/2013,24/07/2013,,10:00,,,,,Oil theft,Sabotage,The cone of a previously repaired point was vandalized by unknown person (s)..,Third party,TBE,
2013/OS/379,,"18"" Tebidaba/Brass Pipeline",PIPELINE (OIL),Mbikiba,TEBIDABA,SAR,Southern Ijaw,Bayelsa State,"
N 04° 29' 26.6''","
E 006° 05' 13.3''",30/07/2013,30/07/2013,,13:00,,,,,Oil theft,Sabotage,"2 (nos) - 4"" Valves installed on pipe with pipe connection by unknown person (s)..",Third party,TBE,
2013/OS/382,,"18"" Tebidaba/Brass Pipeline",PIPELINE (OIL),Baberegbene,TEBIDABA,SAR,Southern Ijaw,Bayelsa State,N 04° 31' 09.4'',E 006° 01' 16.0'',27/07/2013,27/07/2013,,16:17,,,,,Oil theft,Sabotage,"3"" Valve installed on pipe with hose connection by unknown person (s)..",Third party,TBE,
2013/OS/383,,"18"" Tebidaba/Brass Pipeline",PIPELINE (OIL),Igbematoru,TEBIDABA,SAR,Southern Ijaw,Bayelsa State,"
N 04° 32' 05.2''","
E 005° 59' 15.4''",27/07/2013,27/07/2013,,15:00,,,,,Oil theft,Sabotage,"2 (nos) - 2"" Valves installed on pipe with pipe connection by unknown person (s)..",Third party,TBE,
2013/OS/385,,"18"" Tebidaba/Brass Pipeline",PIPELINE (OIL),Igbematoru,TEBIDABA,SAR,Southern Ijaw,Bayelsa State,"
N 04° 32' 13.9''","
E 005° 58' 45.7''",29/07/2013,29/07/2013,,14:00,,,,,Oil theft,Sabotage,"2"" nipple & 2"" Valve installed on pipe with pipe connection by unknown person (s)..",Third party,TBE,
2013/OS/389,,"18"" Tebidaba/Brass Pipeline",PIPELINE (OIL),Mbikiba,TEBIDABA,SAR,Southern Ijaw,Bayelsa State,N 04° 28' 54.9'',E 006° 05' 57.9'',31/07/2013,31/07/2013,,13:00,,,,,Oil theft,Sabotage,"3"" Valve installed on pipe by unknown person (s)..",Third party,TBE,
2013/OS/390,,"18"" Tebidaba/Brass Pipeline",PIPELINE (OIL),Kalatoru,TEBIDABA,SAR,Southern Ijaw,Bayelsa State,N 04° 32' 35.1'',E 005° 57' 30.6'',1/8/2013,1/8/2013,,9:59,,,,,Oil theft,Sabotage,"4"" Valve installed on pipe by unknown personb (s)..",Third party,TBE,
2013/OS/391,,"18"" Tebidaba/Brass Pipeline",PIPELINE (OIL),Kamborro,TEBIDABA,SAR,Southern Ijaw,Bayelsa State,N 04° 32' 51.8'',E 005° 56' 28.3'',1/8/2013,1/8/2013,,10:00,,,,,Oil theft,Sabotage,"3"" Valve installed on pipe by unknown person (s)..",Third party,TBE,
2013/OS/392,,"18"" Tebidaba/Brass Pipeline",PIPELINE (OIL),Kamborro,TEBIDABA,SAR,Southern Ijaw,Bayelsa State,N 04° 32' 49.3'',E 005° 56' 36.2'',1/8/2013,1/8/2013,,12:20,,,,,Oil theft,Sabotage,"3"" Valve installed on pipe by unknown person (s)..",Third party,TBE,
2013/OS/394,,"18"" Tebidaba/Brass Pipeline",PIPELINE (OIL),Mbikiba,TEBIDABA,SAR,Southern Ijaw,Bayelsa State,N 04° 28' 27.9'',E 006° 06' 37.9'',3/8/2013,3/8/2013,,10:05,,,,,Oil theft,Sabotage,"3"" Valve installed on pipe with hose connection by unknown person (s)..",Third party,TBE,
2013/OS/395,,"18"" Tebidaba/Brass Pipeline",PIPELINE (OIL),Oyeregbene,TEBIDABA,SAR,Southern Ijaw,Bayelsa State,N 04° 29' 52.3'',E 006° 04' 21.4'',3/8/2013,3/8/2013,,10:00,,,,,Oil theft,Sabotage,Previously repaired oil theft point cut open by unknown person (s)..,Third party,TBE,
2013/OS/398,,"18"" Tebidaba/Brass Pipeline",PIPELINE (OIL),Lagosgbene,TEBIDABA,SAR,Southern Ijaw,Bayelsa State,N 04° 28' 29.6'',E 006° 07' 50.9'',5/8/2013,5/8/2013,,12:24,,,,,Oil theft,Sabotage,"3"" Valve installed on pipe by unknown person (s)..",,TBE,
2013/OS/402,,"18"" Tebidaba/Brass Pipeline",PIPELINE (OIL),Mbikiba,TEBIDABA,SAR,Southern Ijaw,Bayelsa State,N 04° 29' 21.8'',E 006° 05' 22.4'',6/8/2013,6/8/2013,,11:58,,,,,Oil theft,Sabotage,"3"" Valve installed on pipe with hose connection by unknown person (s)..",Third party,TBE,
2013/OS/403,,Oshie 6Ls flowline,FLOWLINE,Oshie,OSHIE,LAR,Ahoada West,Rivers State,N 05° 06' 05.0'',E 006° 29' 32.6'',7/8/2013,7/8/2013,,14:52,,,,,Hacksaw cut,Sabotage,,Third party,TBE,
2013/OS/410,,"18"" Tebidaba/Brass Pipeline",PIPELINE (OIL),Igbematoru,TEBIDABA,SAR,Southern Ijaw,Bayelsa State,"
N 04° 31' 35.0''","
E 006° 00' 26.9''",9/8/2013,9/8/2013,,10:20,,,,,Oil theft,Sabotage,"4"" & 3"" Valves installed on pipe by unknown person (s)..",Third party,TBE,
2013/OS/412,,"10"" HP Idu manifold - Idu Flowstation pipeline",PIPELINE (OIL),Idu,IDU,LAR,Ogba/Ndoni/Egbema,Rivers State,N 05° 15' 33.3'',E 006° 34' 35.9'',11/8/2013,11/8/2013,,17:08,,,,,Hacksaw cut,Sabotage,,Third party,TBE,
2013/OS/413,,"18"" Tebidaba/Brass Pipeline",PIPELINE (OIL),Igbematoru,TEBIDABA,SAR,Southern Ijaw,Bayelsa State,N 04° 32' 13.2'',E 005° 58' 46.2'',11/8/2013,11/8/2013,,11:00,,,,,Oil theft,Sabotage,"3"" Valves installed on pipe by unknown person (s)..",,TBE,
2013/OS/415,,"18"" Tebidaba/Brass Pipeline",PIPELINE (OIL),Igbematoru,TEBIDABA,SAR,Southern Ijaw,Bayelsa State,"
N 04° 32' 05.3''","
E 005° 59' 16.9''",12/8/2013,12/8/2013,,13:20,,,,,Oil theft,Sabotage,"2 (nos) - 3"" Valves installed on pipe by unknown person (s)..",Third party,TBE,
2013/OS/418,,"18"" Tebidaba/Brass Pipeline",PIPELINE (OIL),Kalatoru,TEBIDABA,SAR,Southern Ijaw,Bayelsa State,"
N 04° 32' 35.4''","
E 005° 57' 28.5''",14/08/2013,14/08/2013,,15:40,,,,,TBD,TBD,,,TBE,
2013/OS/419,,"18"" Obama/Brass Pipeline",PIPELINE (OIL),Adikiama,BRASS TERMINAL,SAR,Nembe,Bayelsa State,N 04° 31' 14.4'',E 006° 15' 21.9'',15/08/2013,15/08/2013,,14:20,,,,,Oil theft,Sabotage,"3"" Valve installed on pipe by unknown person (s)..",Third party,TBE,
2013/OS/420,,Agwe 2 TBG flowline,FLOWLINE,Akri,AKRI,LAR,Oguta,Imo State,N 05° 37' 44.8'',E 006° 40' 05.5'',16/08/2013,16/08/2013,,15:27,,,,,Drilled hole,Sabotage,,Third party,TBE,
2013/OS/425,,"24"" Ogoda/Brass Pipeline",PIPELINE (OIL),Amurukeni,BRASS TERMINAL,LAR,Ogbia,Bayelsa State,N 04° 46' 44.1'',E 006° 26' 54.5'',20/08/2013,20/08/2013,,10:23,,,,,TBD,TBD,,,TBE,
2013/OS/426,,"18"" Tebidaba/Brass Pipeline",PIPELINE (OIL),Baberegbene,TEBIDABA,SAR,Southern Ijaw,Bayelsa State,N 04° 30' 51.4'',E 006° 01' 44.6'',20/08/2013,20/08/2013,,12:00,,,,,Oil theft,Sabotage,"3"" Valve installed on pipe by unknown person(s)..",Third party,TBE,
2013/OS/428,,"18"" Tebidaba/Brass Pipeline",PIPELINE (OIL),Igbematoru,TEBIDABA,SAR,Southern Ijaw,Bayelsa State,"
N 04° 31' 34.2''","
E 006° 00' 27.7''",22/08/2013,22/08/2013,,10:30,,,,,Oil theft,Sabotage,"2 (nos) 3"" Valves installed on pipe with pipe connection by unknown person (s)..",Third party,TBE,
2013/OS/429,,"18"" Tebidaba/Brass Pipeline",PIPELINE (OIL),Igbematoru,TEBIDABA,SAR,Southern Ijaw,Bayelsa State,N 04° 31' 34.1'',E 006° 00' 28.9'',22/08/2013,22/08/2013,,11:30,,,,,Oil theft,Sabotage,"4"" Vlave installed on pipe with pipe connection by unknown person (s).",Third party,TBE,
2013/OS/430,,"10"" Clough Creek/Tebidaba Pipeline",PIPELINE (OIL),Azuzuama,TEBIDABA,SAR,Southern Ijaw,Bayelsa State,N 04° 41' 38.2'',E 005° 55' 13.5'',22/08/2013,22/08/2013,,14:30,,,,,Oil theft,Sabotage,"3"" Valve installed on pipe with pipe connectuion by unknown person (s)..",Third party,TBE,
2013/OS/431,,"10"" Clough Creek/Tebidaba Pipeline",PIPELINE (OIL),Azuzuama,TEBIDABA,SAR,Southern Ijaw,Bayelsa State,"
N 04° 40' 40.1''","
E 005° 54' 14.4''",22/08/2013,22/08/2013,,15:00,,,,,Oil theft,Sabotage,"2 (nos) 3"" Valves installed on pipe with pipe connection by unknown person (s)..",,TBE,
2013/OS/434,,"18"" Tebidaba/Brass Pipeline",PIPELINE (OIL),Mansonkiri,TEBIDABA,SAR,Southern Ijaw,Bayelsa State,"
N 04° 26' 20.6''","
E 006° 12' 25.0''",23/08/2013,23/08/2013,,11:35,,,,,Oil theft,Sabotage,"Previously repaired oil theft point cut open & 2 (nos) 3"" Valves installed on pipe by unknown person (s)..",Third party,TBE,
2013/OS/435,,"18"" Tebidaba/Brass Pipeline",PIPELINE (OIL),Kalatoru,TEBIDABA,SAR,Southern Ijaw,Bayelsa State,"
N 04° 32' 35.3''","
E 005° 57' 28.8''",23/08/2013,23/08/2013,,11:45,,,,,Oil theft,Sabotage,"2 (nos) 4"" Valves installed on pipe by unknown person (s)..",Third party,TBE,
2013/OS/438,,Mgbede 6T flowline,FLOWLINE,Mgbede,OB/OB,LAR,Ogba/Ndoni/Egbema,Rivers State,N 05° 27' 36.6'',E 006° 43' 14.7'',23/08/2013,23/08/2013,,14:45,,,,,Hacksaw cut,Sabotage,,Third party,TBE,
2013/OS/440,,"18"" Tebidaba/Brass Pipeline",PIPELINE (OIL),Mansonkiri,TEBIDABA,SAR,Southern Ijaw,Bayelsa State,N 04° 26' 37.1'',E 006° 12' 07.0'',24/08/2013,24/08/2013,,11:35,,,,,Oil theft,Sabotage,"3"" Valve installed on pipe by unknown person (s)..",Third party,TBE,
2013/OS/441,,"10"" Clough Creek/Tebidaba Pipeline",PIPELINE (OIL),Azagbene,CLOUGH CREEK,SAR,Ekeremor,Bayelsa State,N 04° 48' 21.2'',E 005° 44' 06.6'',24/08/2013,24/08/2013,,11:52,,,,,Oil theft,Sabotage,"Previously repaired oil theft point cut open  & 3"" nipple installed on pipe by unknown person (s)..",Third party,TBE,
2013/OS/442,,"18"" Tebidaba/Brass Pipeline",PIPELINE (OIL),Kamborro,TEBIDABA,SAR,Southern Ijaw,Bayelsa State,N 04° 32' 51.6'',E 005° 56' 28.6'',24/08/2013,24/08/2013,,11:45,,,,,Oil theft,Sabotage,"3"" Valve installed on pipe by unknown person (s)..",Third party,TBE,
2013/OS/443,,"18"" Tebidaba/Brass Pipeline",PIPELINE (OIL),Igbematoru,TEBIDABA,SAR,Southern Ijaw,Bayelsa State,N 04° 31' 33.2'',E 006° 00' 28.4'',25/08/2013,25/08/2013,,10:20,,,,,Oil theft,Sabotage,"4"" Valve installed on pipe by unknown person (s)..",Third party,TBE,
2013/OS/444,,"18"" Tebidaba/Brass Pipeline",PIPELINE (OIL),Lasukugbene,TEBIDABA,SAR,Southern Ijaw,Bayelsa State,N 04° 30' 32.3'',E 006° 02' 25.6'',26/08/2013,26/08/2013,,10:00,,,,,Oil theft,Sabotage,"Previously repaired oil theft point cut open & 3"" Valve installed on pipe by unknown person (s)..",Third party,TBE,
2013/OS/445,,"18"" Tebidaba/Brass Pipeline",PIPELINE (OIL),Igbematoru,TEBIDABA,SAR,Southern Ijaw,Bayelsa State,N 04° 32' 13.5'',E 005° 58' 46.5'',26/08/2013,26/08/2013,,13:00,,,,,Oil theft,Sabotage,"2"" Valve installed on pipe with pipe connection by unknown person (s)..",Third party,TBE,
2013/OS/447,,"18"" Tebidaba/Brass Pipeline",PIPELINE (OIL),Lasukugbene,TEBIDABA,SAR,Southern Ijaw,Bayelsa State,N 04° 31' 17.3'',E 006° 01' 03.4'',26/08/2013,26/08/2013,,10:00,,,,,Oil theft,Sabotage,"3"" Valve installed on pipe by unknown person (s)..",Third party,TBE,
2013/OS/449,,"18"" Tebidaba/Brass Pipeline",PIPELINE (OIL),Elepa,TEBIDABA,SAR,Nembe,Bayelsa State,N 04° 27' 26.9'',E 006° 10' 31.0'',27/08/2013,27/08/2013,,13:00,,,,,Hacksaw cut,Sabotage,,Third party,TBE,
2013/OS/450,,"10"" Oshie/Ogoda Pipeline",PIPELINE (OIL),Idu-Ekpeye,OSHIE,LAR,Ahoada West,Rivers State,N 05° 06' 28.8'',E 006° 31' 58.0'',27/08/2013,27/08/2013,,13:25,,,,,Oil theft,Sabotage,Valve installed on pipe with pipe connection by unknown person (s)..,Third party,TBE,
2013/OS/453,,"18"" Tebidaba/Brass Pipeline",PIPELINE (OIL),Oyeregbene,TEBIDABA,SAR,Southern Ijaw,Bayelsa State,N 04° 30' 27.9'',E 006° 02' 45.5'',28/08/2013,28/08/2013,,10:00,,,,,Oil theft,Sabotage,"2"" Valve installed on pipe with pipe connection by unknown person(s)..",Third party,TBE,
2013/OS/457,,"18"" Tebidaba/Brass Pipeline",PIPELINE (OIL),Oyeregbene,TEBIDABA,SAR,Southern Ijaw,Bayelsa State,N 04° 29' 52.3'',E 006° 04' 21.3'',29/08/2013,29/08/2013,,15:00,,,,,Oil theft,Sabotage,"3"" Valve installed on pipe by unknown person (s)..",Third party,TBE,
2013/OS/464,,Obrikom 16Ss flowline,FLOWLINE,Omoku,OB/OB,LAR,Ogba/Ndoni/Egbema,Rivers State,N 05° 23' 07.7'',E 006° 37' 09.6'',3/9/2013,3/9/2013,,14:30,,,,,Hacksaw cut,Sabotage,,Third party,TBE,
2013/OS/467,,"18"" Tebidaba/Brass Pipeline",PIPELINE (OIL),Kamborro,TEBIDABA,SAR,Southern Ijaw,Bayelsa State,N 04° 32' 34.5'',E 005° 56' 28.6'',3/9/2013,3/9/2013,,11:45,,,,,Oil theft,Sabotage,"3"" Valve installed on pipe by unknown person (s)..",Third party,TBE,
2013/OS/471,,"10"" Clough Creek/Tebidaba Pipeline",PIPELINE (OIL),Gbaraun,CLOUGH CREEK,SAR,Southern Ijaw,Bayelsa State,N 04° 46' 19.5'',E 005° 47' 25.5'',8/9/2013,8/9/2013,,11:00,,,,,Oil theft,Sabotage,"3"" valve & nipple installed on pipe by unknown person (s)..",Third party,TBE,
2013/OS/472,,"10"" Clough Creek/Tebidaba Pipeline",PIPELINE (OIL),Gbaraun,CLOUGH CREEK,SAR,Southern Ijaw,Bayelsa State,N 04° 46' 15.6'',E 005° 47' 31.4'',8/9/2013,8/9/2013,,14:00,,,,,Oil theft,Sabotage,"3"" Valve & nipple installed on pipe by unknown person (s)..",Third party,TBE,
2013/OS/478,,"10"" Clough Creek/Tebidaba Pipeline",PIPELINE (OIL),Azuzuama,TEBIDABA,SAR,Southern Ijaw,Bayelsa State,N 04° 41' 42.2'',E 005° 55' 11.6'',13/09/2013,13/09/2013,,15:30,,,,,Oil theft,Sabotage,"3"" Valve installed with pipe connection on the pipeline by unknown person (s)..",Third party,TBE,
2013/OS/479,,Obiafu 14L Flowline,FLOWLINE,Omoku,OB/OB,LAR,Ogba/Ndoni/Egbema,Rivers State,N 05° 23' 17.2'',E 006° 33' 26.8'',14/09/2013,14/09/2013,,10:19,,,,,Oil theft,Sabotage,1 hose connection on sampling point downstream the SSV by unknown person (s)..,Third party,TBE,
2013/OS/480,,"6"" Mgbede 13 Ls flowline",FLOWLINE,Okwuzi,OB/OB,LAR,Ogba/Ndoni/Egbema,Rivers State,N 05° 27' 58.9'',E 006° 41' 54.5'',14/09/2013,14/09/2013,,12:03,,,,,Hacksaw cut,Sabotage,,Third party,TBE,
2013/OS/481,,"10"" Clough Creek/Tebidaba Pipeline",PIPELINE (OIL),Azuzuama,TEBIDABA,SAR,Southern Ijaw,Bayelsa State,N 04° 41' 42.2'',E 005° 55' 11.6'',13/09/2013,13/09/2013,,15:30,,,,,Oil theft,Sabotage,"3"" Valve installed on pipe with pipe connection by unknown person (s)..",Third party,TBE,
2013/OS/494,,"18"" Tebidaba/Brass Pipeline",PIPELINE (OIL),Elepa,TEBIDABA,SAR,Nembe,Bayelsa State,N 04° 27' 51.2'',E 006° 09' 45.1'',19/09/2013,19/09/2013,,12:20,,,,,Oil theft,Sabotage,"3"" nipple installed on pipe by unknown person (s)..",Third party,TBE,
2013/OS/495,,"18"" Tebidaba/Brass Pipeline",PIPELINE (OIL),Kamborro,TEBIDABA,SAR,Southern Ijaw,Bayelsa State,N 04° 32' 51.5'',E 005° 56' 28.2'',19/09/2013,19/09/2013,,13:00,,,,,Oil theft,Sabotage,"3"" Valve installed on pipe by unknown person 9S0..",Third party,TBE,
2013/OS/496,,"14"" Ogboinbiri/Tebidaba pipeline",PIPELINE (OIL),Ikeinghenbiri,TEBIDABA,SAR,Southern Ijaw,Bayelsa State,N 04° 42' 38.7'',E 005° 58' 10.3'',19/09/2013,19/09/2013,,16:15,,,,,TBD,TBD,,,TBE,
2013/OS/497,,"4"" Okpai 2Ls flowline",FLOWLINE,Beneku,KWALE,LAR,Ndokwa East,Delta State,N 05° 41' 10.7'',E 006° 31' 07.7'',19/09/2013,19/09/2013,,14:00,,,,,TBD,TBD,,,TBE,
2013/OS/498,,"4"" Okpai 7Ss flowline",FLOWLINE,Beneku,KWALE,LAR,Ndokwa East,Delta State,N 05° 41' 10.7'',E 006° 31' 08.5'',19/09/2013,19/09/2013,,14:00,,,,,Hacksaw cut,Sabotage,,Third party,TBE,
2013/OS/502,,"18"" Tebidaba/Brass Pipeline",PIPELINE (OIL),Lasukugbene,TEBIDABA,SAR,Southern Ijaw,Bayelsa State,N 04° 30' 32.2'',E 006° 02' 24.5'',20/09/2013,20/09/2013,,13:50,,,,,Oil theft,Sabotage,"Previously repaired oil theft point cut open & 3"" valve installed on pipe by unknown person (s)..",Third party,TBE,
2013/OS/504,,"18"" Tebidaba/Brass Pipeline",PIPELINE (OIL),Lasukugbene,TEBIDABA,SAR,Southern Ijaw,Bayelsa State,N 04° 30' 53.7'',E 006° 01' 41.1'',22/09/2013,22/09/2013,,13:00,,,,,Oil theft,Sabotage,"3"" Valve installed on pipe by unknown person (s)..",Third party,TBE,
2013/OS/506,,Obrikom 8 flowline,FLOWLINE,Obrikom,OB/OB,LAR,Ogba/Ndoni/Egbema,Rivers State,N 05° 24' 39.5'',E 006° 40' 04.5'',21/09/2013,21/09/2013,,17:55,,,,,Vandalization,Sabotage,"Drilled hole, Cutting & carting away of a section of the flowline by unknown person (s)..",Third party,TBE,
2013/OS/509,,"18"" Tebidaba/Brass Pipeline",PIPELINE (OIL),Lasukugbene,TEBIDABA,SAR,Southern Ijaw,Bayelsa State,N 04° 30' 52.0'',E 006° 01' 44.1'',23/09/2013,23/09/2013,,12:30,,,,,Oil theft,Sabotage,"3"" Valve installed on pipe by unknown person (s).",Third party,TBE,
2013/OS/510,,"18"" Tebidaba/Brass Pipeline",PIPELINE (OIL),Igbematoru,TEBIDABA,SAR,Southern Ijaw,Bayelsa State,N 04° 31' 34.9'',E 006° 00' 27.1'',23/09/2013,23/09/2013,,13:00,,,,,Oil theft,Sabotage,"3"" Valve installed on pipe by unknown person (s)..",Third party,TBE,
2013/OS/512,,"18"" Tebidaba/Brass Pipeline",PIPELINE (OIL),Oyeregbene,TEBIDABA,SAR,Southern Ijaw,Bayelsa State,N 04° 29' 52.6'',E 006° 04' 20.8'',24/09/2013,24/09/2013,,16:00,,,,,Oil theft,Sabotage,"Previously repaired oil theft point cut open & 3"" valve installed on pipe by unknown person (s)..",Third party,TBE,
2013/OS/537,,"18"" Tebidaba/Brass Pipeline",PIPELINE (OIL),Igbematoru,TEBIDABA,SAR,Southern Ijaw,Bayelsa State,N 04° 31' 33.7'',E 006° 00' 28.3'',8/10/2013,8/10/2013,,12:02,,,,,Oil theft,Sabotage,"4"" Valve installed on pipe by unknown person (s)..",Third party,TBE,
2013/OS/542,,"18"" Tebidaba/Brass Pipeline",PIPELINE (OIL),Igbematoru,TEBIDABA,SAR,Southern Ijaw,Bayelsa State,N 04° 32' 12.7'',E 005° 58' 49.0'',9/10/2013,9/10/2013,,15:20,,,,,Oil theft,Sabotage,"3"" Valve installed on pipe by unknown person..",Third party,TBE,
2013/OS/543,,"18"" Tebidaba/Brass Pipeline",PIPELINE (OIL),Kalatoru,TEBIDABA,SAR,Southern Ijaw,Bayelsa State,N 04° 32' 32.9'',E 005° 57' 38.9'',9/10/2013,9/10/2013,,15:20,,,,,Oil theft,Sabotage,"3"" Valve installed on pipe by unknown person (s)..",Third party,TBE,
2013/OS/544,,"18"" Tebidaba/Brass Pipeline",PIPELINE (OIL),Igbematoru,TEBIDABA,SAR,Southern Ijaw,Bayelsa State,N 04° 32' 05.1'',E 005° 59' 15.9'',10/10/2013,10/10/2013,,15:20,,,,,Oil theft,Sabotage,"3"" Valve installed on pipe by unknown person (s)..",Third party,TBE,
2013/OS/545,,"18"" Tebidaba/Brass Pipeline",PIPELINE (OIL),Kalatoru,TEBIDABA,SAR,Southern Ijaw,Bayelsa State,N 04° 32' 21.7'',E 005° 58' 17.8'',10/10/2013,10/10/2013,,15:30,,,,,Oil theft,Sabotage,"3"" Valve installed on pipe by unknown person (s)..",Third party,TBE,
2013/OS/548,,"18"" Tebidaba/Brass Pipeline",PIPELINE (OIL),Mbikiba,TEBIDABA,SAR,Southern Ijaw,Bayelsa State,N 04° 29' 36.8'',E 006° 04' 05.4'',12/10/2013,12/10/2013,,13:00,,,,,Oil theft,Sabotage,"2"" Valve installed on pipe by unknown person (s)..",Third party,TBE,
2013/OS/551,,"18"" Tebidaba/Brass Pipeline",PIPELINE (OIL),Oyeregbene,TEBIDABA,SAR,Southern Ijaw,Bayelsa State,N 04° 30' 23.0'',E 006° 03' 05.2'',12/10/2013,12/10/2013,,12:00,,,,,Oil theft,Sabotage,"4"" Valve installed on pipe by unknown person (s)..",Third party,TBE,
2013/OS/552,,"18"" Tebidaba/Brass Pipeline",PIPELINE (OIL),Oyeregbene,TEBIDABA,SAR,Southern Ijaw,Bayelsa State,N 04° 30' 28.0'',E 006° 02' 45.6'',12/10/2013,12/10/2013,,16:35,,,,,Oil theft,Sabotage,"2"" Valve installed on pipe by unknown person (s)..",Third party,TBE,
2013/OS/554,,"18"" Tebidaba/Brass Pipeline",PIPELINE (OIL),Oyeregbene,TEBIDABA,SAR,Southern Ijaw,Bayelsa State,N 04° 29' 52.6'',E 006° 04' 20.7'',13/10/2013,13/10/2013,,13:00,,,,,Oil theft,Sabotage,"Previously repaired oil theft point cut open & 3"" valve installed on pipe by unknown person (s).",Third party,TBE,
2013/OS/555,,"18"" EOC/Ogoda Pipeline",PIPELINE (OIL),Mgbede,OB/OB,LAR,Ogba/Ndoni/Egbema,Rivers State,N 05° 26' 07.7'',E 006° 41' 07.8'',14/10/2013,14/10/2013,,8:00,,,,,TBD,TBD,,,TBE,
2013/OS/556,,"18"" Obama/Brass Pipeline",PIPELINE (OIL),Adikiama,OBAMA,SAR,Nembe,Bayelsa State,N 04° 29' 59.6'',E 006° 15' 25.6'',14/10/2013,14/10/2013,,10:52,,,,,Oil theft,Sabotage,"Previously repaired oil theft point cut open & 3"" valve installed on pipe by unknown person (s)..",Third party,TBE,
2013/OS/557,,"18"" Tebidaba/Brass Pipeline",PIPELINE (OIL),Oyeregbene,TEBIDABA,SAR,Southern Ijaw,Bayelsa State,N 04° 29' 55.6'',E 006° 04' 13.9'',14/10/2013,14/10/2013,,14:10,,,,,Oil theft,Sabotage,"3"" Valve installed on pipe by unknown person (s)..",Third party,TBE,
2013/OS/558,,"18"" Tebidaba/Brass Pipeline",PIPELINE (OIL),Lasukugbene,TEBIDABA,SAR,Southern Ijaw,Bayelsa State,N 04° 30' 32.3'',E 006° 02' 24.6'',14/10/2013,14/10/2013,,15:00,,,,,Oil theft,Sabotage,"Previously repaired oil theft point cut open & 3"" valve installed on pipe by unknown person (s)..",Third party,TBE,
2013/OS/559,,"18"" Tebidaba/Brass Pipeline",PIPELINE (OIL),Oyeregbene,TEBIDABA,SAR,Southern Ijaw,Bayelsa State,N 04° 30' 28.7'',E 006° 02' 43.0'',15/10/2013,15/10/2013,,15:00,,,,,Oil theft,Sabotage,"Previously repaired oil theft point cut open & 2"" valve installed on pipe by unknown person (s)..",Third party,TBE,
2013/OS/560,,"18"" Tebidaba/Brass Pipeline",PIPELINE (OIL),Igbematoru,TEBIDABA,SAR,Southern Ijaw,Bayelsa State,N 04° 31' 33.7'',E 006° 00' 28.4'',15/10/2013,15/10/2013,,14:00,,,,,Oil theft,Sabotage,"4"" Valve installed on pipe with pipe connection by unknown person (s)..",Third party,TBE,
2013/OS/565,,"18"" Tebidaba/Brass Pipeline",PIPELINE (OIL),Kalatoru,TEBIDABA,SAR,Southern Ijaw,Bayelsa State,N 04° 32' 33.1'',E 005° 57' 37.7'',16/10/2013,16/10/2013,,14:00,,,,,Oil theft,Sabotage,"3"" Valve installed on pipe by unknown person (s)..",Third party,TBE,
2013/OS/566,,"18"" Tebidaba/Brass Pipeline",PIPELINE (OIL),Igbematoru,TEBIDABA,SAR,Southern Ijaw,Bayelsa State,N 04° 31' 32.8'',E 006° 00' 28.4'',16/10/2013,16/10/2013,,14:20,,,,,Oil theft,Sabotage,"3"" Valve installed on pipe with pipe connection by unknown person (s)..",Third party,TBE,
2013/OS/568,,"18"" Tebidaba/Brass Pipeline",PIPELINE (OIL),Igbematoru,TEBIDABA,SAR,Southern Ijaw,Bayelsa State,N 04° 31' 26.4'',E 006° 00' 41.6'',17/10/2013,17/10/2013,,13:00,,,,,Oil theft,Sabotage,"3"" Valve installed on pipe with pipe connection by unknown person (s)..",Third party,TBE,
2013/OS/569,,Pirigbene well 1 manifold,MANIFOLD,Pirigbene,OBAMA,SAR,Southern Ijaw,Bayelsa State,N 04° 36' 57.8'',E 006° 11' 37.6'',20/10/2013,20/10/2013,,15:25,23/10/2013,23/10/2013,OML 63,,Equipment failure,Operation control,Abrasion of facility due to sand erosion.,,5,0
2013/OS/570,,"18"" Tebidaba/Brass Pipeline",Pipeline,Igbematoru,TEBIDABA,SAR,Southern Ijaw,Bayelsa State,N 04° 31' 33.5'',E 006° 00' 28.2'',20/10/2013,20/10/2013,,10:27,,,,,Oil theft,Sabotage,4'' valve with pipe connection installed on pipe by unknown person (s).,Third party,TBE,
2013/OS/571,,"18"" Tebidaba/Brass Pipeline",Pipeline,Lagosgbene,TEBIDABA,SAR,Southern Ijaw,Bayelsa State,N 04° 28' 13.1'',E 006° 08' 25.2'',20/10/2013,20/10/2013,,12:17,,,,,Oil theft,Sabotage,Previously repaired oil theft point cut open & 3'' vavlve installed on pipe by unknown person (s).,Third party,TBE,
2013/OS/572,,"18"" Tebidaba/Brass Pipeline",Pipeline,Igbematoru,TEBIDABA,SAR,Southern Ijaw,Bayelsa State,N 04° 31' 26.6'',E 006° 00' 41.4'',21/10/2013,21/10/2013,,11:00,,,,,Oil theft,Sabotage,4'' valve installed on pipe by unknown person (s).,Third party,TBE,
2013/OS/573,,"18"" Tebidaba/Brass Pipeline",Pipeline,Kalatoru,,SAR,Southern Ijaw,Bayelsa State,N 04° 32' 34.6'',E 005° 57' 30.7'',22/10/2013,22/10/2013,,11:00,,,,,Oil theft,Sabotage,4'' vavle with pipe connection installed on pipe by unknown persons.,Third party,TBE,
2013/OS/580,,"18"" Tebidaba/Brass Pipeline",PIPELINE (OIL),Igbematoru,TEBIDABA,SAR,Southern Ijaw,Bayelsa State,N 04° 31' 27.2'',E 006° 00' 43.6'',25/10/2013,25/10/2013,,10:00,,,,,Hacksaw cut,Sabotage,4 (nos.) on the pipeline..,Third party,TBE,
2013/OS/581,,"18"" Tebidaba/Brass Pipeline",Pipeline,Igbematoru,TEBIDABA,SAR,Southern Ijaw,Bayelsa State,N 04° 31' 26.6'',E 006° 00' 41.7'',25/10/2013,25/10/2013,,14:10,,,,,Oil theft,Sabotage,"4"" valve installed on pipe by unknown person (s).",Third party,TBE,
2013/OS/584,,"18"" Tebidaba/Brass Pipeline",Pipeline,Igbematoru,OGBAINBIRI,SAR,Southern Ijaw,Bayelsa State,N 04° 31' 33.9'',E 006° 00' 28.5'',26/10/2013,26/10/2013,,10:28,,,,,Oil theft,Sabotage,4'' vavle installed on pipe by unknown person (s).,Third party,TBE,
2013/OS/587,,"18"" Tebidaba/Brass Pipeline",PIPELINE (OIL),Babaragbene,TEBIDABA,SAR,Southern Ijaw,Bayelsa State,N 04° 30' 53.6'',E 006° 01' 41.4'',28/10/2013,28/10/2013,,14:20,,,,,Oil theft,Sabotage,3'' vavle installed on pipe with pipe connection by unknown person (s).,Third party,TBE,
2013/OS/591,,"10"" Clough Creek/Tebidaba Pipeline",Pipeline,Azagbene,CLOUGH CREEK,SAR,Ekeremor,Bayelsa State,N 04° 48' 35.6'',E 005° 43' 49.5'',29/10/2013,29/10/2013,,11:42,,,,,Oil theft,Sabotage,2'' valve installed on pipe by unknown person (s).,Third party,TBE,
2013/OS/594,,"18"" Tebidaba/Brass Pipeline",Pipeline,Babaragbene,TEBIDABA,SAR,Southern Ijaw,Bayelsa State,N 04° 31' 03.6'',E 006° 01' 25.4'',29/10/2013,29/10/2013,,14:20,,,,,Oil theft,Sabotage,3'' valve installed on pipe with pipe connection by unknown person (s).,Third party,TBE,
2013/OS/595,,"18"" Tebidaba/Brass Pipeline",Pipeline,Igbematoru,TEBIDABA,SAR,Southern Ijaw,Bayelsa State,N 04° 31' 33.9'',E 006° 01' 28.5'',30/10/2013,30/10/2013,,10:15,,,,,Oil theft,Sabotage,3'' valve installed on pipe by unknown person (s).,,TBE,
2013/OS/598,,"10"" Clough Creek/Tebidaba Pipeline",Pipeline,Gbaraun,CLOUGH CREEK,SAR,Southern Ijaw,Bayelsa State,N 04° 44' 59.6'',E 005° 49' 20.2'',31/10/2013,31/10/2013,,11:00,,,,,Oil theft,Sabotage,Previously repaired oil theft point vandalized & 3'' valve installed on pipe by unknown person (s).,Third party,TBE,
2013/OS/600,,"18"" Tebidaba/Brass Pipeline",Pipeline,Oyeregbene,TEBIDABA,SAR,Southern Ijaw,Bayelsa State,N 04° 29' 57.1'',E 006° 04' 10.7'',1/11/2013,1/11/2013,,11:50,,,,,Oil theft,Sabotage,Previously repaired oil theft point cut open & 3'' valve installed on pipe by unknown person (s).,Third party,TBE,
2013/OS/603,,Taylor Creek 2Ss flowline,FLOWLINE,Kalaba,OSHIE,LAR,Yenagoa,Bayelsa State,N 05° 07' 52.2'',E 006° 27' 16.0'',3/11/2013,3/11/2013,,16:06,3/11/2013,,OML 61,,Hacksaw cut,Sabotage,,Third party,7,2.5
2013/OS/607,,"18"" Tebidaba/Brass Pipeline",Pipeline,Igbematoru,TEBIDABA,SAR,Southern Ijaw,Bayelsa State,N 04° 31' 33.9'',E 006° 00' 28.5'',6/11/2013,6/11/2013,,11:00,,,,,Oil theft,Sabotage,3'' valve installed on pipe with pipe connection by unknown person (s).,Third party,TBE,
2013/OS/608,,"18"" Tebidaba/Brass Pipeline",Pipeline,Igbematoru,TEBIDABA,SAR,Southern Ijaw,Bayelsa State,N 04° 31' 24.7'',E 006° 00' 49.9'',7/11/2013,7/11/2013,,11:35,,,,,Oil theft,Sabotage,3'' valve installed on pipe with pipe/hose connections by unknown person (s).,Third party,TBE,
2013/OS/610,,"18"" Tebidaba/Brass Pipeline",Pipeline,Igbematoru,TEBIDABA,SAR,Southern Ijaw,Bayelsa State,N 04° 31' 24.7'',E 006° 00' 49.9'',8/11/2013,8/11/2013,,11:35,,,,,Oil theft,Sabotage,"3"" valve installed on pipe with pipe/hose connections by unknown person (s)..",Third party,TBE,
2013/OS/611,,"18"" Obama/Brass Pipeline",Pipeline,Adikiama,OBAMA,SAR,Nembe,Bayelsa State,N 04° 31' 50.2'',E 006° 15' 28.9'',8/11/2013,8/11/2013,,11:50,,,,,Oil theft,Sabotage,"2"" nipple installed on pipe by unknown person (s).",Third party,TBE,
2013/OS/614,,"18"" Obama/Brass Pipeline",Pipeline,Adikiama,OBAMA,SAR,Nembe,Bayelsa State,N 04° 32' 01.8'',E 006° 15' 32.5'',9/11/2013,9/11/2013,,15:56,,,,,Oil theft,Sabotage,"3"" nipple installed on pipe by unknown person (s).",Third party,TBE,
2013/OS/615,,"18"" Tebidaba/Brass Pipeline",PIPELINE (OIL),Oyeregbene,TEBIDABA,SAR,Southern Ijaw,Bayelsa State,N 04° 29' 38.2'',E 006° 04' 51.7'',10/11/2013,10/11/2013,,11:00,10/11/2013,,OML 63,,Oil theft,Sabotage,"3"" valve installed on pipe by unknown person(s)..",,1,0
2013/OS/618,,"18"" Tebidaba/Brass Pipeline",Pipeline,Oyeregbene,TEBIDABA,SAR,Southern Ijaw,Bayelsa State,N 04° 29' 38.2'',E 006° 04' 51.7'',10/11/2013,10/11/2013,,13:30,,,,,Oil theft,Sabotage,"The cone of a previously repaired oil theft point cut open & 3"" valve installed on pipe by unknown person (s).",Third party,TBE,
2013/OS/619,,"24"" Ogoda/Brass Pipeline",Pipeline,Atonyekiri,OBAMA,SAR,Nembe,Bayelsa State,N 04° 26' 44.9'',E 006° 21' 20.1'',11/11/2013,11/11/2013,,16:24,,,,,TBD,TBD,,,TBE,
2013/OS/620,,"24"" Ogoda/Brass Pipeline",Pipeline,Atonyekiri,BRASS TERMINAL,SAR,Nembe,Bayelsa State,N 04° 26' 44.9'',E 006° 21' 20.1'',11/11/2013,11/11/2013,,16:24,,,,,TBD,TBD,,,TBE,
2013/OS/621,,Taylor Creek 2Ss flowline,FLOWLINE,Kalaba,OSHIE,LAR,Yenagoa,Bayelsa State,N 05° 08' 07.6'',E 006° 27' 04.2'',11/11/2013,11/11/2013,,16:42,,,,,Hacksaw cut,Sabotage,Hacksaw cut on the flowline.,Third party,TBE,
2013/OS/624,,"18"" Tebidaba/Brass Pipeline",Pipeline,Babaragbene,TEBIDABA,SAR,Southern Ijaw,Bayelsa State,N 04° 31' 03.6'',E 006° 01' 25.1'',12/11/2013,12/11/2013,,14:20,,,,,Oil theft,Sabotage,"3"" valve installed on pipe by unknown person (s).",Third party,TBE,
2013/OS/627,,"18"" Tebidaba/Brass Pipeline",Pipeline,Kamborro,TEBIDABA,SAR,Southern Ijaw,Bayelsa State,N 04° 32' 49.2'',E 005° 56' 35.8'',13/11/2013,13/11/2013,,11:00,,,,,Oil theft,Sabotage,"4"" valve installed on pipe by unknown person (s).",Third party,TBE,
2013/OS/628,,"18"" Tebidaba/Brass Pipeline",Pipeline,Igbematoru,TEBIDABA,SAR,Southern Ijaw,Bayelsa State,N 04° 31' 34.7'',E 006° 00' 27.2'',13/11/2013,13/11/2013,,9:34,,,,,Oil theft,Sabotage,"4"" nipple installed on pipe by unknown person (s).",Third party,TBE,
2013/OS/630,,"18"" Tebidaba/Brass Pipeline",Pipeline,Lasukugbene,TEBIDABA,SAR,Southern Ijaw,Bayelsa State,N 04° 30' 32.6'',E 006° 02' 24.0'',15/11/2013,15/11/2013,,10:52,,,,,Oil theft,Sabotage,"Previously repaired oil theft point cut open and  3"" valve installed on pipe by unknown person (s)..",Third party,TBE,
2013/OS/634,,"18"" Tebidaba/Brass Pipeline",Pipeline,Kamborro,TEBIDABA,SAR,Southern Ijaw,Bayelsa State,N 04° 33' 51.6'',E 005° 56' 28.1'',17/11/2013,17/11/2013,,11:00,,,,,Oil theft,Sabotage,"6"" valve installled on pipe by unknown person (s).",,TBE,
2013/OS/635,,"8"" Kwale 11 pipeline",Pipeline,Beneku,KWALE/OKPAI GAS PLANT,LAR,Ndokwa East,Delta State,N 05° 39' 58.8'',E 006° 30' 08.9'',18/11/2013,18/11/2013,,10:00,,,,,TBD,TBD,,,TBE,
2013/OS/637,,"18"" Tebidaba/Brass Pipeline",Pipeline,Igbematoru,TEBIDABA,SAR,Southern Ijaw,Bayelsa State,N 04° 31' 30.0'',E 006° 00' 28.5'',18/11/2013,18/11/2013,,9:36,,,,,Oil theft,Sabotage,"3"" valve installed on pipe by unknown person (s).",Third party,TBE,
2013/OS/643,,"18"" Tebidaba/Brass Pipeline",PIPELINE (OIL),Babaragbene,TEBIDABA,SAR,Southern Ijaw,Bayelsa State,N 04° 30' 52.1'',E 006° 01' 43.7'',21/11/2013,21/11/2013,,10:25,21/11/2013,,OML 63,,Oil theft,Sabotage,"2"" valve installed on pipe by unknown person(s).",Third party,150,130
2013/OS/644,,"18"" Tebidaba/Brass Pipeline",Pipeline,Igbematoru,TEBIDABA,SAR,Southern Ijaw,Bayelsa State,N 04° 31' 26.2'',E 006° 00' 41.8'',21/11/2013,21/11/2013,,9:36,,,,,Oil theft,Sabotage,"3"" valve installed on pipe by unknown person (s).",Third party,TBE,
2013/OS/647,,"18"" Tebidaba/Brass Pipeline",Pipeline,Igbematoru,TEBIDABA,SAR,Southern Ijaw,Bayelsa State,N 04° 31' 34.0'',E 006° 00' 28.4'',22/11/2013,22/11/2013,,9:35,,,,,Oil theft,Sabotage,3'' valve installed on pipe with pipe connection by unknown person (s).,Third party,TBE,
2013/OS/658,,"18"" Tebidaba/Brass Pipeline",Pipeline,Mbikiba,TEBIDABA,SAR,Southern Ijaw,Bayelsa State,N 04° 29' 26.8'',E 006° 05' 12.8'',25/11/2013,25/11/2013,,12:10,,,,,Oil theft,Sabotage,"3"" valve installed on pipe by unknown person (s).",Third party,TBE,
2013/OS/659,,"18"" Tebidaba/Brass Pipeline",Pipeline,Babaragbene,TEBIDABA,SAR,Southern Ijaw,Bayelsa State,N 04° 31' 09.5'',E 006° 01' 16.0'',25/11/2013,25/11/2013,,12:10,,,,,Oil theft,Sabotage,"4"" valve installed on pipe with pipe connection by unknown persons (s).",Third party,TBE,
2013/OS/663,,"18"" Tebidaba/Brass Pipeline",Pipeline,Mbikiba,TEBIDABA,SAR,Southern Ijaw,Bayelsa State,N 04° 29' 34.2'',E 006° 04' 59.6'',26/11/2013,26/11/2013,,12:10,,,,,Oil theft,Sabotage,"Previously repaired oil theft point vandalized & 3"" valve installed on pipe by unknown person (s).",Third party,TBE,
2013/OS/665,,SBM offshore,Others (Specify),Brass,BRASS TERMINAL,SAR,Brass,Bayelsa State,N 04° 04' 01.8'',E 006° 16' 06.4'',27/11/2013,27/11/2013,,10:45,,,,,Operational error,Operation control,,Company,224.55,
2013/OS/668,,"18"" Tebidaba/Brass Pipeline",PIPELINE (OIL),Oyeregbene,TEBIDABA,SAR,Southern Ijaw,Bayelsa State,N 04° 30' 06.2'',E 006° 03' 50.0'',27/11/2013,27/11/2013,,11:45,27/11/2013,,OML 63,,Oil theft,Sabotage,"Previously repaired oil theft point cut open and 3"" valve installed on pipe by unknown person (s).",Third party,1,0.13
2013/OS/669,,"18"" Tebidaba/Brass Pipeline",Pipeline,Lasukugbene,TEBIDABA,SAR,Southern Ijaw,Bayelsa State,N 04° 30' 32.6'',E 006° 02' 24.3'',27/11/2013,27/11/2013,,9:35,,,,,Oil theft,Sabotage,"Previously repaired oil theft point cut open & 3"" valve installed by unknown person (s).",Third party,TBE,
2013/OS/672,,"18"" Tebidaba/Brass Pipeline",PIPELINE (OIL),Oyeregbene,TEBIDABA,SAR,Southern Ijaw,Bayelsa State,N 04° 29' 56.9'',E 006° 04' 10.6'',29/11/2013,29/11/2013,,12:40,29/11/2013,,OML 63,,Oil theft,Sabotage,"Previously repaired oil theft point cut open and 3"" valve installed by unknown person(s).",Third party,5,2
2013/OS/673,,"18"" Tebidaba/Brass Pipeline",Pipeline,Oyeregbene,TEBIDABA,SAR,Southern Ijaw,Bayelsa State,N 04° 29' 56.9'',E 006° 04' 10.6'',29/11/2013,29/11/2013,,14:20,,,,,Oil theft,Sabotage,"Previously repaired oil theft point vandalized & 3"" valve installed by unknown person (s).",Third party,TBE,
2013/OS/674,,"18"" Tebidaba/Brass Pipeline",Pipeline,Oyeregbene,TEBIDABA,SAR,Southern Ijaw,Bayelsa State,N 04° 30' 22.9'',E 006° 03' 00.9'',29/11/2013,29/11/2013,,14:20,,,,,Oil theft,Sabotage,"Previously repaired oil theft point vandalized & 3"" valve installed by unknown person (s).",Third party,TBE,
2013/OS/676,,"18"" Tebidaba/Brass Pipeline",PIPELINE (OIL),Igbematoru,TEBIDABA,SAR,Southern Ijaw,Bayelsa State,N 04° 31' 26.8'',E 006° 00' 41.0'',29/11/2013,29/11/2013,,15:40,29/11/2013,,OML 63,,Oil theft,Sabotage,"4"" nipple installed on pipe by unknown person (s).",Third party,1,0.63
2013/OS/678,,"18"" Tebidaba/Brass Pipeline",Pipeline,Kalatoru,TEBIDABA,SAR,Southern Ijaw,Bayelsa State,N 04° 32' 33.2'',E 005° 57' 35.4'',1/12/2013,1/12/2013,,9:05,,,,,Oil theft,Sabotage,"6"" valve installed on pipe by unknown person (s).",Third party,TBE,
2013/OS/681,,"10"" Kwale/Akri Pipeline",Pipeline,Agwe-Etiti,KWALE/OKPAI GAS PLANT,LAR,Ndokwa East,Delta State,N 05° 29' 45.2'',E 006° 15' 48.0'',5/12/2013,5/12/2013,,11:45,,,,,TBD,TBD,,,TBE,
2013/OS/683,,"18"" Tebidaba/Brass Pipeline",Pipeline,Lasukugbene,TEBIDABA,SAR,Southern Ijaw,Bayelsa State,N 04° 30' 32.6'',E 006° 02' 24.3'',2/12/2013,2/12/2013,,9:35,,,,,Oil theft,Sabotage,"Previously repaired point cut open and 3"" valve installed on pipe by unknown person (s)..",Third party,TBE,
2013/OS/685,,"18"" Tebidaba/Brass Pipeline",Pipeline,Babaragbene,TEBIDABA,SAR,Southern Ijaw,Bayelsa State,N 04° 30' 45.2'',E 006° 01' 54.8'',3/12/2013,3/12/2013,,12:40,,,,,Oil theft,Sabotage,"Previously repaired point cut open and 3"" valve installed on pipe by unknown person (s)..",Third party,TBE,
2013/OS/688,,"18"" Obama/Brass Pipeline",Pipeline,Adikiama,OBAMA,SAR,Nembe,Bayelsa State,N 04° 34' 01.8'',E 006° 15' 32.5'',4/12/2013,4/12/2013,,15:56,,,,,Oil theft,Sabotage,"3"" valve with elbow connection installed on pipe by unknown person (s)..",Third party,TBE,
2013/OS/690,,"18"" Tebidaba/Brass Pipeline",Pipeline,Igbematoru,TEBIDABA,SAR,Southern Ijaw,Bayelsa State,N 04° 31' 33.7'',E 006° 00' 28.2'',5/12/2013,5/12/2013,,16:40,,,,,Oil theft,Sabotage,"3"" valve installed on pipe by unknown person (s)..",Third party,TBE,
2013/OS/691,,"18"" Obama/Brass Pipeline",Pipeline,Adikiama,OBAMA,SAR,Nembe,Bayelsa State,N 04° 32' 09.6'',E 006° 15' 32.2'',5/12/2013,5/12/2013,,15:56,,,,,Oil theft,Sabotage,"3"" valve with pipe connection installed on pipe by unknown person (s)..",Third party,TBE,
2013/OS/695,,"18"" Tebidaba/Brass Pipeline",Pipeline,Kalatoru,BRASS TERMINAL,SAR,Southern Ijaw,Bayelsa State,N 04° 32' 34.8'',E 005° 57' 30.7'',6/12/2013,6/12/2013,,10:40,,,,,Oil theft,Sabotage,"6"" Valve installed on pipe by unknown person(s)..",Third party,TBE,
2013/OS/696,,"18"" Tebidaba/Brass Pipeline",Pipeline,Kalatoru,BRASS TERMINAL,SAR,Southern Ijaw,Bayelsa State,N 04° 32' 33.3'',E 005° 57' 35.5'',6/12/2013,6/12/2013,,10:40,,,,,Oil theft,Sabotage,"6"" valve installed on pipe by unknown person(s).",Third party,TBE,
2013/OS/697,,"18"" Tebidaba/Brass Pipeline",Pipeline,Igbematoru,BRASS TERMINAL,SAR,Southern Ijaw,Bayelsa State,N 04° 31' 33.7'',E 006° 00' 28.2'',6/12/2013,6/12/2013,,16:40,,,,,Oil theft,Sabotage,"3"" valve installed on pipe by unknown person(s)..",Third party,TBE,
2013/OS/698,,"18"" Tebidaba/Brass Pipeline",Pipeline,Babaragbene,BRASS TERMINAL,SAR,Southern Ijaw,Bayelsa State,N 04° 31' 03.9'',E 006° 01' 24.9'',7/12/2013,7/12/2013,,12:40,,,,,Oil theft,Sabotage,"3"" valve installed on pipe by unknown person(s)..",Third party,TBE,
2013/OS/701,,Obrikom mini manifold,MANIFOLD,Omoku,OB/OB,LAR,Ogba/Ndoni/Egbema,Rivers State,N 05° 24' 52.3'',E 006° 36' 23.2'',9/12/2013,9/12/2013,,9:00,9/12/2013,,OML 61,,Others,Sabotage,Unknown person(s) opened (tampered with) the needle valves at the mini manifold.,Third party,11.32,4
2013/OS/702,,"18"" Tebidaba/Brass Pipeline",Pipeline,Baberegbene,BRASS TERMINAL,SAR,Southern Ijaw,Bayelsa State,N 04° 30' 57.2'',E 006° 01' 45.2'',9/12/2013,9/12/2013,,9:50,,,,,Oil theft,Sabotage,"3"" valve installed on pipe with 2"" pipe connection by unknown person(s)..",Third party,TBE,
2013/OS/705,,"14"" Ogboinbiri/Tebidaba pipeline",Pipeline,Ikeinghenbiri,OGBAINBIRI,SAR,Southern Ijaw,Bayelsa State,N 04° 42' 11.9'',E 005° 58' 05.0'',9/12/2013,9/12/2013,,14:32,,,,,Oil theft,Sabotage,"3"" valve installed on pipe with pipe connection by unknown person(s)..",Third party,TBE,
2013/OS/707,,"14"" Ogboinbiri/Tebidaba pipeline",Pipeline,Ikebiri,TEBIDABA,SAR,Southern Ijaw,Bayelsa State,N 04° 40' 33.1'',E 005° 57' 39.7'',10/12/2013,10/12/2013,,14:32,,,,,Oil theft,Sabotage,"3"" valve installed on pipe with pipe connection by unknown person(s)..",Third party,TBE,
2013/OS/708,,"18"" Tebidaba/Brass Pipeline",Pipeline,Baberegbene,BRASS TERMINAL,SAR,Southern Ijaw,Bayelsa State,N 04° 30' 51.2'',E 006° 01' 45.2'',10/12/2013,10/12/2013,,9:50,,,,,Oil theft,Sabotage,"3"" nipple installed on pipe by unknown person(s)..",Third party,TBE,
2013/OS/709,,"18"" Tebidaba/Brass Pipeline",Pipeline,Igbematoru,BRASS TERMINAL,SAR,Southern Ijaw,Bayelsa State,N 04° 31' 35.0'',E 006° 00' 26.8'',10/12/2013,10/12/2013,,9:25,,,,,Oil theft,Sabotage,"3"" valve installed on pipe by unknown person((s)..",Third party,TBE,
2013/OS/717,,"18"" Tebidaba/Brass Pipeline",Pipeline,Igbematoru,BRASS TERMINAL,SAR,Southern Ijaw,Bayelsa State,N 04° 31' 39.4'',E 006° 00' 17.7'',12/12/2013,12/12/2013,,11:00,,,,,Oil theft,Sabotage,"3"" Nipple installed on pipe by unknown person(s)..",Third party,TBE,
2013/OS/718,,"18"" Tebidaba/Brass Pipeline",Pipeline,Kamborro,TEBIDABA,SAR,Southern Ijaw,Bayelsa State,N 04° 32' 49.3'',E 005° 56' 37.0'',12/12/2013,12/12/2013,,11:30,,,,,Oil theft,Sabotage,"6"" Nipple installed on pipe by unknown person(s)..",Third party,TBE,
2013/OS/720,,"18"" Tebidaba/Brass Pipeline",Pipeline,Lasukugbene,BRASS TERMINAL,SAR,Southern Ijaw,Bayelsa State,N 04° 30' 27.0'',E 006° 02' 49.6'',13/12/2013,13/12/2013,,9:35,,,,,Oil theft,Sabotage,"3"" Valve installed on pipe with 2"" pipe connection by unknown person(s)..",Third party,TBE,
2013/OS/721,,"14"" Ogboinbiri/Tebidaba pipeline",Pipeline,Ikebiri,OGBAINBIRI,SAR,Southern Ijaw,Bayelsa State,N 04° 40' 45.3'',E 005° 57' 42.0'',13/12/2013,13/12/2013,,10:56,,,,,Oil theft,Sabotage,"3"" Valve installed on pipe with pipe connection by unknown person(s)..",Third party,TBE,
2013/OS/723,,"18"" Tebidaba/Brass Pipeline",Pipeline,Igbematoru,BRASS TERMINAL,SAR,Southern Ijaw,Bayelsa State,N 04° 31' 26.3'',E 006° 00' 41.9'',14/12/2013,14/12/2013,,14:00,,,,,Oil theft,Sabotage,Drilled hole on pipe by unknown person(s)..,Third party,TBE,
2013/OS/724,,"18"" Tebidaba/Brass Pipeline",Pipeline,Lasukugbene,BRASS TERMINAL,SAR,Southern Ijaw,Bayelsa State,N 04° 30' 33.9'',E 006° 02' 18.5'',14/12/2013,14/12/2013,,15:00,,,,,Oil theft,Sabotage,"Previously repaired point cut open and 3"" nipple installed on pipe by unknown person(s)..",Third party,TBE,
2013/OS/727,,Mgbede 13Ss flowline,FLOWLINE,Mgbede,EBOCHA,LAR,Ogba/Ndoni/Egbema,Rivers State,N 05° 27' 41.2'',E 006° 42' 52.5'',16/12/2013,16/12/2013,,11:18,,,,,Hacksaw cut,Sabotage,,Third party,TBE,
2013/OS/731,,"18"" Tebidaba/Brass Pipeline",PIPELINE (OIL),Igbematoru,BRASS TERMINAL,SAR,Southern Ijaw,Bayelsa State,N 04° 31' 33.2'',E 006° 00' 28.1'',16/12/2013,16/12/2013,,14:00,16/12/2013,,OML 63,,Oil theft,Sabotage,"3"" valve installed on pipe by unknown person(s)..",Third party,8,3
2013/OS/732,,"10"" Clough Creek/Tebidaba Pipeline",Pipeline,Apoi,TEBIDABA,SAR,Southern Ijaw,Bayelsa State,N 04° 43' 29.7'',E 005° 51' 28.9'',16/12/2013,16/12/2013,,14:03,,,,,Hacksaw cut,Sabotage,,Third party,TBE,
2013/OS/734,,"18"" Tebidaba/Brass Pipeline",Pipeline,Igbematoru,BRASS TERMINAL,SAR,Southern Ijaw,Bayelsa State,N 04° 31' 26.1'',E 006° 00' 42.5'',17/12/2013,17/12/2013,,14:00,,,,,Oil theft,Sabotage,"4"" Valve installed on pipe by unknown person(s)..",Third party,TBE,
2013/OS/735,,"18"" Tebidaba/Brass Pipeline",Pipeline,Igbematoru,BRASS TERMINAL,SAR,Southern Ijaw,Bayelsa State,N 04° 31' 33.2'',E 006° 00' 28.1'',17/12/2013,17/12/2013,,14:00,,,,,Oil theft,Sabotage,"4"" Valve installed on pipe by unknown person(s)..",Third party,TBE,
2013/OS/743,,"18"" Obama/Brass Pipeline",Pipeline,Adikiama,BRASS TERMINAL,SAR,Nembe,Bayelsa State,N 04° 32' 13.2'',E 006° 15' 35.9'',19/12/2013,19/12/2013,,14:23,,,,,Oil theft,Sabotage,"3"" valve installed on pipe by unknown person(s)..",Third party,TBE,
2013/OS/745,,"18"" Tebidaba/Brass Pipeline",Pipeline,Kalatoru,BRASS TERMINAL,SAR,Southern Ijaw,Bayelsa State,N 04° 32' 36.2'',E 005° 57' 27.3'',20/12/2013,20/12/2013,,13:40,,,,,Oil theft,Sabotage,"4"" valve installed on pipe by unknown person(s)..",Third party,TBE,
2013/OS/746,,"18"" Tebidaba/Brass Pipeline",Pipeline,Igbematoru,BRASS TERMINAL,SAR,Southern Ijaw,Bayelsa State,N 04° 31' 34.6'',E 006° 00' 27.7'',21/12/2013,21/12/2013,,11:20,,,,,Oil theft,Sabotage,"4"" nipple installed on pipe by unknown person(s)..",Third party,TBE,
2013/OS/747,,"18"" Tebidaba/Brass Pipeline",Pipeline,Kalatoru,TEBIDABA,SAR,Southern Ijaw,Bayelsa State,N 04° 30' 30.9'',E 006° 03' 00.4'',21/12/2013,21/12/2013,11:55,11:55,,,,,Oil theft,Sabotage,"4""valve installed on pipeline..",Third party,TBE,
2013/OS/749,,"18"" Tebidaba/Brass Pipeline",Pipeline,Lasukugbene,TEBIDABA,SAR,Southern Ijaw,Bayelsa State,N 04° 30' 00.9'',E 006° 03' 00.4'',21/12/2013,21/12/2013,16:00,16:00,,,,,Oil theft,Sabotage,"3"" valve installed on pipe by unknown perswon(s)..",Third party,TBE,
2013/OS/754,,"18"" Tebidaba/Brass Pipeline",Pipeline,Igbematoru,TEBIDABA,SAR,Southern Ijaw,Bayelsa State,N 04° 31' 34.3'',E 006° 00' 28.3'',24/12/2013,24/12/2013,15:10,15:10,,,,,Oil theft,Sabotage,"3"" valve installed on pipe by unknown person(s)..",Third party,TBE,
2013/OS/756,,"18"" Tebidaba/Brass Pipeline",Pipeline,Kamborro,TEBIDABA,SAR,Southern Ijaw,Bayelsa State,N 04° 32' 49.2'',E 005° 56' 36.6'',25/12/2013,25/12/2013,,12:20,,,,,Oil theft,Sabotage,"8"" valve installed on pipe by unknown person(s)..",Third party,TBE,
2013/OS/757,,"18"" Tebidaba/Brass Pipeline",Pipeline,Kalatoru,TEBIDABA,SAR,Southern Ijaw,Bayelsa State,N 04° 32' 34.4'',E 005° 57' 31.2'',26/12/2013,26/12/2013,,12:35,,,,,Oil theft,Sabotage,"6"" valve installed on pipe by unknown person(s)..",Third party,TBE,
2013/OS/759,,"18"" Tebidaba/Brass Pipeline",Pipeline,Igbematoru,BRASS TERMINAL,SAR,Southern Ijaw,Bayelsa State,N 04° 31' 26.2'',E 006° 00' 42.1'',26/12/2013,26/12/2013,,15:10,,,,,Oil theft,Sabotage,Previously repaired oil theft point cut open with hacksaw by unknown person(s)..,Third party,TBE,
2013/OS/761,,"18"" Tebidaba/Brass Pipeline",Pipeline,Igbematoru,BRASS TERMINAL,SAR,Southern Ijaw,Bayelsa State,N 04° 31' 34.0'',E 006° 00' 28.5'',26/12/2013,26/12/2013,15:30,15:30,,,,,Oil theft,Sabotage,"Previously repaired oil theft point cut open with hacksaw and 4"" valve installed on pipe by unknown person(s)..",Third party,TBE,
2013/OS/762,,"18"" Tebidaba/Brass Pipeline",Pipeline,Igbematoru,BRASS TERMINAL,SAR,Southern Ijaw,Bayelsa State,N 04° 31' 37.7'',E 006° 00' 21.4'',27/12/2013,27/12/2013,13:20,13:20,,,,,Oil theft,Sabotage,"4"" valve installed on pipe by unknown person(s)..",Third party,TBE,
2013/OS/769,,"18"" Tebidaba/Brass Pipeline",Pipeline,Babaragbene,TEBIDABA,SAR,Southern Ijaw,Bayelsa State,N 04° 31' 17.4'',E 006° 01' 03.6'',29/12/2013,29/12/2013,,13:57,,,,,Oil theft,Sabotage,"3"" valve installed on pipe by unknown person(s).",Third party,TBE,
2013/OS/770,,"18"" Tebidaba/Brass Pipeline",Pipeline,Igbematoru,TEBIDABA,SAR,Southern Ijaw,Bayelsa State,N 04° 31' 38.4'',E 006° 00' 19.4'',29/12/2013,29/12/2013,,9:45,,,,,Oil theft,Sabotage,"4"" valve installed on pipe by unknown person(s)..",Third party,TBE,
2013/OS/771,,"18"" EOC/Ogoda Pipeline",PIPELINE (OIL),Okwawiriwa,EBOCHA,LAR,Ogba/Ndoni/Egbema,Rivers State,N 05° 25' 07.6'',E 006° 41' 23.3'',30/12/2013,30/12/2013,,9:30,30/12/2013,,OML 61,,Hacksaw cut,Sabotage,,,5,0.46
2013/OS/774,,"18"" Obama/Brass Pipeline",Pipeline,Adikiama,BRASS TERMINAL,SAR,Nembe,Bayelsa State,N 04° 29' 56.8'',E 006° 15' 26.6'',30/12/2013,30/12/2013,,14:15,,,,,Oil theft,Sabotage,"Previously repaired oil theft point cut open and 3"" valve installed on pipe with pipe connection by unknown person(s)..",Third party,TBE,
2013/OS/775,,"18"" Tebidaba/Brass Pipeline",Pipeline,Igbematoru,BRASS TERMINAL,SAR,Southern Ijaw,Bayelsa State,N 04° 31' 35.4'',E 006° 00' 26.0'',30/12/2013,30/12/2013,,11:30,,,,,Oil theft,Sabotage,"3"" nipple installed on pipe by unknown person(s)..",Third party,TBE,
2013/OS/776,,"18"" Tebidaba/Brass Pipeline",Pipeline,Igbematoru,BRASS TERMINAL,SAR,Southern Ijaw,Bayelsa State,N 04° 31' 40.0'',E 006° 00' 16.4'',30/12/2013,30/12/2013,,14:00,,,,,Oil theft,Sabotage,"4"" nipple valve installed on pipe by unknown person(s)..",Third party,TBE,
2013/OS/777,,"10"" Clough Creek/Tebidaba Pipeline",Pipeline,Azagbene,TEBIDABA,SAR,Ekeremor,Bayelsa State,N 04° 47' 51.0'',E 005° 44' 39.5'',30/12/2013,30/12/2013,,16:40,,,,,Oil theft,Sabotage,"6"" valve installed on pipe with elbow pipe connection by unknown person(s)..",Third party,TBE,
2013/OS/778,,"18"" Tebidaba/Brass Pipeline",Pipeline,Igbematoru,BRASS TERMINAL,SAR,Southern Ijaw,Bayelsa State,N 04° 31' 33.7'',E 006° 00' 28.4'',31/12/2013,31/12/2013,,12:15,,,,,Oil theft,Sabotage,"4"" valve installed on pipe by unknown person(s)..",Third party,TBE,
2013/OS/780,,Obiafu 28Ls flowline,FLOWLINE,Obiafu,OB/OB,LAR,Ogba/Ndoni/Egbema,Rivers State,N 05° 24' 47.7'',E 006° 35' 36.6'',29/12/2013,29/12/2013,,9:00,29/12/2013,,OML 61,,Hacksaw cut,Sabotage,,Third party,4,0.31
